Location,Transect ID,Plot ID,Habitat,Date,DBH,Tree Height,Family,Genus,Species
Padu Banjar,PB2,PB2/5,Peat Swamp,5/19/2016,10,18,Lauraceae,Cryptocarya,griffithiana
Padu Banjar,PB2,PB2/5,Peat Swamp,5/19/2016,10,12,Stemonuraceae,Stemonurus,secundiflorus
Padu Banjar,PB2,PB2/5,Peat Swamp,5/19/2016,15,14,Euphorbiaceae,Macaranga,depressa
Padu Banjar,PB2,PB2/6,Peat Swamp,5/19/2016,35,30,Apocynaceae,Dyera,lowii
Padu Banjar,PB2,PB2/6,Peat Swamp,5/19/2016,15,18,Myrtaceae,Syzygium,chloranthum
Padu Banjar,PB2,PB2/6,Peat Swamp,5/19/2016,17,10,Stemonuraceae,Stemonurus,secundiflorus
Padu Banjar,PB2,PB2/6,Peat Swamp,5/19/2016,21,15,Lecythidaceae,Barringtonia,Macrostachya
Padu Banjar,PB2,PB2/6,Peat Swamp,5/19/2016,45,30,Fabaceae,Koompassia,malaccensis
Padu Banjar,PB2,PB2/6,Peat Swamp,5/19/2016,17,15,Dipterocarpaceae,Shorea,ovalis
Padu Banjar,PB2,PB2/6,Peat Swamp,5/19/2016,15,20,Clusiaceae,Garcinia,parvifolia
Padu Banjar,PB2,PB2/6,Peat Swamp,5/19/2016,10,10,Thymeleaceae,Gonystylus,bancanus
Padu Banjar,PB2,PB2/6,Peat Swamp,5/19/2016,31,20,Sapotaceae,Palaquium,rostratum
Padu Banjar,PB2,PB2/7,Peat Swamp,5/19/2016,29,20,Euphorbiaceae,Macaranga,depressa
Padu Banjar,PB2,PB2/7,Peat Swamp,5/19/2016,17,15,Stemonuraceae,Stemonurus,secundiflorus
Padu Banjar,PB2,PB2/7,Peat Swamp,5/19/2016,10,10,Stemonuraceae,Stemonurus,secundiflorus
Padu Banjar,PB2,PB2/7,Peat Swamp,5/19/2016,21,20,Myrtaceae,Syzygium,chloranthum
Padu Banjar,PB2,PB2/7,Peat Swamp,5/19/2016,14,15,Lauraceae,Litsea,
Padu Banjar,PB2,PB2/7,Peat Swamp,5/19/2016,12,10,Stemonuraceae,Stemonurus,secundiflorus
Padu Banjar,PB2,PB2/7,Peat Swamp,5/19/2016,25,20,Lauraceae,Beilschmiedia,kunstleri
Padu Banjar,PB2,PB2/7,Peat Swamp,5/19/2016,17,15,Myrtaceae,Syzygium,chloranthum
Padu Banjar,PB2,PB2/7,Peat Swamp,5/19/2016,27,20,Fagaceae,Lithocarpus,conocarpus
Padu Banjar,PB2,PB2/7,Peat Swamp,5/19/2016,30,25,Myristicaceae,Gymnacranthera,farquhariana
Padu Banjar,PB2,PB2/7,Peat Swamp,5/19/2016,35,25,Fabaceae,Koompassia,malaccensis
Padu Banjar,PB2,PB2/7,Peat Swamp,5/19/2016,12,10,Phyllanthaceae,Baccaurea,bracteata
Padu Banjar,PB2,PB2/7,Peat Swamp,5/19/2016,32,20,Euphorbiaceae,Macaranga,depressa
Padu Banjar,PB2,PB2/7,Peat Swamp,5/19/2016,38,22,Euphorbiaceae,Macaranga,depressa
Padu Banjar,PB2,PB2/7,Peat Swamp,5/19/2016,15,20,Euphorbiaceae,Endospermum,diadenum
Padu Banjar,PB2,PB2/7,Peat Swamp,5/19/2016,18,15,Annonaceae,Polyalthia,sumatrana
Padu Banjar,PB2,PB2/7,Peat Swamp,5/19/2016,24,25,Fabaceae,Koompassia,malaccensis
Padu Banjar,PB2,PB2/8,Peat Swamp,5/19/2016,10,10,Burseraceae,Santiria,oblongifolia
Padu Banjar,PB2,PB2/8,Peat Swamp,5/19/2016,12,12,Sapindaceae,Nephelium,maingayi
Padu Banjar,PB2,PB2/8,Peat Swamp,5/19/2016,15,10,Rutaceae,Melicope,
Padu Banjar,PB2,PB2/8,Peat Swamp,5/19/2016,29,20,Lauraceae,Cryptocarya,griffithiana
Padu Banjar,PB2,PB2/8,Peat Swamp,5/19/2016,25,30,Fabaceae,Koompassia,malaccensis
Padu Banjar,PB2,PB2/8,Peat Swamp,5/19/2016,27,25,Fabaceae,Koompassia,malaccensis
Padu Banjar,PB2,PB2/8,Peat Swamp,5/19/2016,22,27,Burseraceae,Dacryodes,rugosa
Padu Banjar,PB2,PB2/8,Peat Swamp,5/19/2016,20,25,Euphorbiaceae,Endospermum,diadenum
Padu Banjar,PB2,PB2/8,Peat Swamp,5/19/2016,27,30,Fabaceae,Koompassia,malaccensis
Padu Banjar,PB2,PB2/8,Peat Swamp,5/19/2016,33,25,Apocynaceae,Dyera,lowii
Padu Banjar,PB2,PB2/8,Peat Swamp,5/19/2016,14,15,Myrtaceae,Syzygium,stapfianum
Padu Banjar,PB2,PB2/8,Peat Swamp,5/19/2016,12,15,Euphorbiaceae,Endospermum,diadenum
Padu Banjar,PB2,PB2/8,Peat Swamp,5/19/2016,14,10,Euphorbiaceae,Endospermum,diadenum
Padu Banjar,PB2,PB2/8,Peat Swamp,5/19/2016,,,Pandanaceae,Pandanus,tectorius
Padu Banjar,PB2,PB2/9,Peat Swamp,5/19/2016,28,20,Lauraceae,Beilschmiedia,kunstleri
Padu Banjar,PB2,PB2/9,Peat Swamp,5/19/2016,34,25,Chrysobalanaceae,Licania,splendens
Padu Banjar,PB2,PB2/9,Peat Swamp,5/19/2016,29,20,Annonaceae,Mezzettia,parviflora
Padu Banjar,PB2,PB2/9,Peat Swamp,5/19/2016,15,15,Lauraceae,Litsea,lancifolia
Padu Banjar,PB2,PB2/9,Peat Swamp,5/19/2016,21,20,Calophyllaceae,Calophyllum,pisiferum
Padu Banjar,PB2,PB2/9,Peat Swamp,5/19/2016,28,20,Chrysobalanaceae,Licania,splendens
Padu Banjar,PB2,PB2/9,Peat Swamp,5/19/2016,33,25,Lauraceae,Cryptocarya,griffithiana
Padu Banjar,PB2,PB2/9,Peat Swamp,5/19/2016,25,15,Fabaceae,Koompassia,malaccensis
Padu Banjar,PB2,PB2/9,Peat Swamp,5/19/2016,12,10,Lauraceae,Litsea,firma
Padu Banjar,PB2,PB2/10,Peat Swamp,5/19/2016,12,15,Elaeocarpaceae,Elaeocarpus,stipularis
Padu Banjar,PB2,PB2/10,Peat Swamp,5/19/2016,14,10,Elaeocarpaceae,Elaeocarpus,stipularis
Padu Banjar,PB2,PB2/10,Peat Swamp,5/19/2016,16,10,Chrysobalanaceae,Licania,splendens
Padu Banjar,PB2,PB2/10,Peat Swamp,5/19/2016,12,10,Melastomataceae,Memecylon,edule
Padu Banjar,PB2,PB2/10,Peat Swamp,5/19/2016,21,15,Lauraceae,Litsea,firma
Padu Banjar,PB2,PB2/10,Peat Swamp,5/19/2016,18,10,Elaeocarpaceae,Elaeocarpus,stipularis
Padu Banjar,PB2,PB2/10,Peat Swamp,5/19/2016,16,15,Elaeocarpaceae,Elaeocarpus,stipularis
Padu Banjar,PB2,PB2/10,Peat Swamp,5/19/2016,14,10,Elaeocarpaceae,Elaeocarpus,stipularis
Padu Banjar,PB2,PB2/10,Peat Swamp,5/19/2016,16,15,Fabaceae,,
Padu Banjar,PB3,PB3/8,Peat Swamp,5/20/2016,24,16,Meliaceae,Sandoricum,borneense
Padu Banjar,PB3,PB3/8,Peat Swamp,5/20/2016,15,10,Meliaceae,Aglaia,rubiginosa
Padu Banjar,PB3,PB3/8,Peat Swamp,5/20/2016,32,20,Calophyllaceae,Calophyllum,pisiferum
Padu Banjar,PB3,PB3/8,Peat Swamp,5/20/2016,18,15,Phyllanthaceae,Baccaurea,bracteata
Padu Banjar,PB3,PB3/8,Peat Swamp,5/20/2016,12,10,Euphorbiaceae,Endospermum,diadenum
Padu Banjar,PB3,PB3/8,Peat Swamp,5/20/2016,21,20,Euphorbiaceae,Endospermum,diadenum
Padu Banjar,PB3,PB3/8,Peat Swamp,5/20/2016,29,25,Euphorbiaceae,Endospermum,diadenum
Padu Banjar,PB3,PB3/8,Peat Swamp,5/20/2016,18,20,Anacardiaceaae,Campnosperma,coriaceum
Padu Banjar,PB3,PB3/8,Peat Swamp,5/20/2016,36,25,Euphorbiaceae,Macaranga,depressa
Padu Banjar,PB3,PB3/8,Peat Swamp,5/20/2016,23,20,Euphorbiaceae,Endospermum,diadenum
Padu Banjar,PB3,PB3/8,Peat Swamp,5/20/2016,19,15,Phyllanthaceae,Baccaurea,bracteata
Padu Banjar,PB3,PB3/8,Peat Swamp,5/20/2016,17,15,Anacardiaceaae,Koordersiodendron,pinnatum
Padu Banjar,PB3,PB3/8,Peat Swamp,5/20/2016,37,30,Meliaceae,Aglaia,rubiginosa
Padu Banjar,PB3,PB3/8,Peat Swamp,5/20/2016,17,15,Dipterocarpaceae,Shorea,ovalis
Padu Banjar,PB3,PB3/8,Peat Swamp,5/20/2016,27,25,Lauraceae,Litsea,firma
Padu Banjar,PB3,PB3/8,Peat Swamp,5/20/2016,29,20,Lauraceae,Litsea,firma
Padu Banjar,PB3,PB3/8,Peat Swamp,5/20/2016,29,20,Sapotaceae,Madhuca,motleyana
Padu Banjar,PB3,PB3/8,Peat Swamp,5/20/2016,27,20,Ebenaceae,Diospyros,maingayi
Padu Banjar,PB3,PB3/8,Peat Swamp,5/20/2016,17,10,Lauraceae,Litsea,firma
Padu Banjar,PB3,PB3/9,Peat Swamp,5/20/2016,10,10,Euphorbiaceae,Macaranga,depressa
Padu Banjar,PB3,PB3/9,Peat Swamp,5/20/2016,27,25,Euphorbiaceae,Macaranga,pruinosa
Padu Banjar,PB3,PB3/9,Peat Swamp,5/20/2016,16,15,Sapindaceae,Nephelium,maingayi
Padu Banjar,PB3,PB3/9,Peat Swamp,5/20/2016,14,10,Sapindaceae,Nephelium,maingayi
Padu Banjar,PB3,PB3/9,Peat Swamp,5/20/2016,26,20,Euphorbiaceae,Macaranga,pruinosa
Padu Banjar,PB3,PB3/9,Peat Swamp,5/20/2016,12,,Annonaceae,Artobotrys,
Padu Banjar,PB3,PB3/9,Peat Swamp,5/20/2016,29,25,Euphorbiaceae,Macaranga,pruinosa
Padu Banjar,PB3,PB3/9,Peat Swamp,5/20/2016,27,20,Chrysobalanaceae,Licania,splendens
Padu Banjar,PB3,PB3/9,Peat Swamp,5/20/2016,25,15,Phyllanthaceae,Baccaurea,bracteata
Padu Banjar,PB3,PB3/9,Peat Swamp,5/20/2016,17,15,Phyllanthaceae,Baccaurea,macrocarpa
Padu Banjar,PB3,PB3/9,Peat Swamp,5/20/2016,21,20,Lauraceae,Litsea,lancifolia
Padu Banjar,PB3,PB3/9,Peat Swamp,5/20/2016,14,10,Euphorbiaceae,Macaranga,pruinosa
Padu Banjar,PB3,PB3/9,Peat Swamp,5/20/2016,12,10,Sapotaceae,Palaquium,rostratum
Padu Banjar,PB3,PB3/9,Peat Swamp,5/20/2016,24,15,Sapotaceae,Palaquium,rostratum
Padu Banjar,PB3,PB3/9,Peat Swamp,5/20/2016,21,15,Euphorbiaceae,Macaranga,depressa
Padu Banjar,PB3,PB3/9,Peat Swamp,5/20/2016,14,10,Anacardiaceaae,Melanochyla,
Padu Banjar,PB3,PB3/10,Peat Swamp,5/20/2016,10,10,Myrtaceae,Syzygium,chloranthum
Padu Banjar,PB3,PB3/10,Peat Swamp,5/20/2016,12,10,Euphorbiaceae,Macaranga,depressa
Padu Banjar,PB3,PB3/10,Peat Swamp,5/20/2016,29,25,Sapindaceae,Nephelium,maingayi
Padu Banjar,PB3,PB3/10,Peat Swamp,5/20/2016,17,15,Myristicaceae,Horsfieldia,crassifolia
Padu Banjar,PB3,PB3/10,Peat Swamp,5/20/2016,16,15,Myrtaceae,Syzygium,chloranthum
Padu Banjar,PB3,PB3/10,Peat Swamp,5/20/2016,27,20,Apocynaceae,Alstonia,scholaris
Padu Banjar,PB3,PB3/10,Peat Swamp,5/20/2016,21,15,Stemonuraceae,Stemonurus,secundiflorus
Padu Banjar,PB3,PB3/10,Peat Swamp,5/20/2016,24,21,Myrtaceae,Syzygium,havilandii
Padu Banjar,PB3,PB3/10,Peat Swamp,5/20/2016,12,10,Anacardiaceaae,Bouea,oppositifolia
Padu Banjar,PB3,PB3/10,Peat Swamp,5/20/2016,14,10,Myrtaceae,Syzygium,chloranthum
Padu Banjar,PB3,PB3/10,Peat Swamp,5/20/2016,17,15,Aquifoliaceae,Ilex,cymosa
Padu Banjar,PB3,PB3/10,Peat Swamp,5/20/2016,16,10,Lauraceae,Litsea,lancifolia
Padu Banjar,PB3,PB3/10,Peat Swamp,5/20/2016,19,15,Lauraceae,Litsea,lancifolia
Padu Banjar,PB3,PB3/10,Peat Swamp,5/20/2016,14,15,Rubiaceae,Nauclea,subdita
Padu Banjar,PB3,PB3/10,Peat Swamp,5/20/2016,29,20,Lauraceae,Litsea,lancifolia
Padu Banjar,PB3,PB3/10,Peat Swamp,5/20/2016,25,20,Sapotaceae,Madhuca,motleyana
Padu Banjar,PB3,PB3/10,Peat Swamp,5/20/2016,12,10,Anacardiaceaae,Campnosperma,coriaceum
Padu Banjar,PB3,PB3/10,Peat Swamp,5/20/2016,14,10,Sapindaceae,Nephelium,maingayi
Padu Banjar,PB3,PB3/10,Peat Swamp,5/20/2016,21,15,Apocynaceae,Alstonia,scholaris
Padu Banjar,PB4,PB4/1,Peat Swamp,5/23/2016,10,5,Aquifoliaceae,Ilex,cymosa
Padu Banjar,PB4,PB4/1,Peat Swamp,5/23/2016,20,15,Apocynaceae,Alstonia,scholaris
Padu Banjar,PB4,PB4/1,Peat Swamp,5/23/2016,10,10,Myrtaceae,Syzygium,chloranthum
Padu Banjar,PB4,PB4/1,Peat Swamp,5/23/2016,25,15,Euphorbiaceae,Macaranga,depressa
Padu Banjar,PB5,PB5/3,Peat Swamp,5/24/2016,14,10,Stemonuraceae,Stemonurus,secundiflorus
Padu Banjar,PB5,PB5/3,Peat Swamp,5/24/2016,23,15,Lauraceae,Litsea,lancifolia
Padu Banjar,PB5,PB5/3,Peat Swamp,5/24/2016,16,20,Dipterocarpaceae,Shorea,leprosula
Padu Banjar,PB5,PB5/3,Peat Swamp,5/24/2016,17,5,Sapotaceae,Palaquium,rostratum
Padu Banjar,PB5,PB5/3,Peat Swamp,5/24/2016,18,10,Sterculiaceae,Scaphium,macropodum
Padu Banjar,PB5,PB5/3,Peat Swamp,5/24/2016,12,15,Combretaceae,Combretocarpus,rotundotus
Padu Banjar,PB5,PB5/3,Peat Swamp,5/24/2016,30,20,Lauraceae,Litsea,lancifolia
Padu Banjar,PB5,PB5/3,Peat Swamp,5/24/2016,12,10,Lamiaceae,Vitex,pubescens
Padu Banjar,PB5,PB5/3,Peat Swamp,5/24/2016,30,20,Lauraceae,Litsea,lancifolia
Padu Banjar,PB5,PB5/3,Peat Swamp,5/24/2016,10,10,Stemonuraceae,Stemonurus,secundiflorus
Padu Banjar,PB5,PB5/3,Peat Swamp,5/24/2016,17,15,Combretaceae,Combretocarpus,rotundotus
Padu Banjar,PB5,PB5/3,Peat Swamp,5/24/2016,27,20,Lauraceae,Litsea,lancifolia
Padu Banjar,PB5,PB5/4,Peat Swamp,5/24/2016,17,15,Sapotaceae,Palaquium,rostratum
Padu Banjar,PB5,PB5/4,Peat Swamp,5/24/2016,15,10,Stemonuraceae,Stemonurus,secundiflorus
Padu Banjar,PB5,PB5/4,Peat Swamp,5/24/2016,14,10,Stemonuraceae,Stemonurus,secundiflorus
Padu Banjar,PB5,PB5/4,Peat Swamp,5/24/2016,27,25,Clusiaceae,Garcinia,parvifolia
Padu Banjar,PB5,PB5/4,Peat Swamp,5/24/2016,25,20,Myrtaceae,Syzygium,zeylanicum
Padu Banjar,PB5,PB5/4,Peat Swamp,5/24/2016,19,15,Sapotaceae,Palaquium,pseudocuneatum
Padu Banjar,PB5,PB5/4,Peat Swamp,5/24/2016,14,10,Myrtaceae,Syzygium,chloranthum
Padu Banjar,PB5,PB5/4,Peat Swamp,5/24/2016,16,15,Myrtaceae,Syzygium,chloranthum
Padu Banjar,PB5,PB5/4,Peat Swamp,5/24/2016,17,15,Sapotaceae,Palaquium,pseudocuneatum
Padu Banjar,PB5,PB5/4,Peat Swamp,5/24/2016,22,25,Sapotaceae,Palaquium,laeocarpum
Padu Banjar,PB5,PB5/4,Peat Swamp,5/24/2016,24,20,Sapotaceae,Palaquium,laeocarpum
Padu Banjar,PB5,PB5/4,Peat Swamp,5/24/2016,14,20,Crypteroniaceae,Dactylocladus,stenostachys
Padu Banjar,PB5,PB5/4,Peat Swamp,5/24/2016,23,15,Myrtaceae,Syzygium,longiflorum
Padu Banjar,PB5,PB5/4,Peat Swamp,5/24/2016,17,15,Lauraceae,Litsea,lancifolia
Padu Banjar,PB5,PB5/4,Peat Swamp,5/24/2016,27,20,Sapotaceae,Palaquium,laeocarpum
Padu Banjar,PB5,PB5/4,Peat Swamp,5/24/2016,32,25,Myrtaceae,Syzygium,chloranthum
Padu Banjar,PB5,PB5/4,Peat Swamp,5/24/2016,16,15,Stemonuraceae,Stemonurus,secundiflorus
Padu Banjar,PB5,PB5/4,Peat Swamp,5/24/2016,27,20,Ebenaceae,Diospyros,siamang
Padu Banjar,PB5,PB5/5,Peat Swamp,5/24/2016,19,15,Lauraceae,Litsea,lancifolia
Padu Banjar,PB5,PB5/5,Peat Swamp,5/24/2016,36,25,Myrtaceae,Syzygium,chloranthum
Padu Banjar,PB5,PB5/5,Peat Swamp,5/24/2016,17,15,Stemonuraceae,Stemonurus,secundiflorus
Padu Banjar,PB5,PB5/5,Peat Swamp,5/24/2016,18,15,Lauraceae,Litsea,lancifolia
Padu Banjar,PB5,PB5/5,Peat Swamp,5/24/2016,27,20,Aquifoliaceae,Ilex,cymosa
Padu Banjar,PB5,PB5/5,Peat Swamp,5/24/2016,21,15,Phyllanthaceae,Baccaurea,bracteata
Padu Banjar,PB5,PB5/5,Peat Swamp,5/24/2016,16,10,Crypteroniaceae,Dactylocladus,stenostachys
Padu Banjar,PB5,PB5/5,Peat Swamp,5/24/2016,12,10,Moraceae,Artocarpus,
Padu Banjar,PB5,PB5/5,Peat Swamp,5/24/2016,19,15,Sapotaceae,Palaquium,pseudocuneatum
Padu Banjar,PB5,PB5/5,Peat Swamp,5/24/2016,27,15,Lauraceae,Litsea,lancifolia
Padu Banjar,PB5,PB5/5,Peat Swamp,5/24/2016,17,20,Sapindaceae,Nephelium,maingayi
Padu Banjar,PB5,PB5/5,Peat Swamp,5/24/2016,21,25,Sapindaceae,Nephelium,maingayi
Padu Banjar,PB5,PB5/5,Peat Swamp,5/24/2016,23,20,Apocynaceae,Dyera,lowii
Padu Banjar,PB5,PB5/5,Peat Swamp,5/24/2016,18,15,Myrtaceae,Syzygium,longiflorum
Padu Banjar,PB5,PB5/5,Peat Swamp,5/24/2016,21,20,Lauraceae,Cryptocarya,strictifolia
Padu Banjar,PB5,PB5/6,Peat Swamp,5/24/2016,17,20,Sapotaceae,Palaquium,rostratum
Padu Banjar,PB5,PB5/6,Peat Swamp,5/24/2016,21,20,Sapotaceae,Palaquium,rostratum
Padu Banjar,PB5,PB5/6,Peat Swamp,5/24/2016,20,25,Myrtaceae,Syzygium,longiflorum
Padu Banjar,PB5,PB5/6,Peat Swamp,5/24/2016,17,15,Sapindaceae,Nephelium,maingayi
Padu Banjar,PB5,PB5/6,Peat Swamp,5/24/2016,12,10,Lauraceae,Litsea,lancifolia
Padu Banjar,PB5,PB5/6,Peat Swamp,5/24/2016,20,25,Lauraceae,Litsea,lancifolia
Padu Banjar,PB5,PB5/6,Peat Swamp,5/24/2016,32,25,Lauraceae,Litsea,lancifolia
Padu Banjar,PB5,PB5/6,Peat Swamp,5/24/2016,27,20,Myristicaceae,Horsfieldia,grandis
Padu Banjar,PB5,PB5/6,Peat Swamp,5/24/2016,21,25,Sapotaceae,Palaquium,pseudocuneatum
Padu Banjar,PB5,PB5/6,Peat Swamp,5/24/2016,23,20,Lauraceae,Litsea,lancifolia
Padu Banjar,PB5,PB5/6,Peat Swamp,5/24/2016,27,15,Lauraceae,Litsea,lancifolia
Padu Banjar,PB5,PB5/6,Peat Swamp,5/24/2016,20,15,Lauraceae,Litsea,lancifolia
Padu Banjar,PB5,PB5/6,Peat Swamp,5/24/2016,14,10,Myrtaceae,Syzygium,chloranthum
Padu Banjar,PB5,PB5/6,Peat Swamp,5/24/2016,37,25,Chrysobalanaceae,Licania,splendens
Padu Banjar,PB5,PB5/6,Peat Swamp,5/24/2016,14,15,Calophyllaceae,Calophyllum,pisiferum
Padu Banjar,PB5,PB5/6,Peat Swamp,5/24/2016,14,15,Calophyllaceae,Calophyllum,inophyllum
Padu Banjar,PB5,PB5/6,Peat Swamp,5/24/2016,18,20,Dipterocarpaceae,Shorea,ovalis
Padu Banjar,PB5,PB5/6,Peat Swamp,5/24/2016,17,15,Rubiaceae,Nauclea,subdita
Padu Banjar,PB5,PB5/6,Peat Swamp,5/24/2016,35,25,Myrtaceae,Syzygium,chloranthum
Padu Banjar,PB5,PB5/6,Peat Swamp,5/24/2016,8,,Apocynaceae,Willughbeia,
Padu Banjar,PB5,PB5/6,Peat Swamp,5/24/2016,6,,Rubiaceae,Uncaria,
Padu Banjar,PB5,PB5/7,Peat Swamp,5/24/2016,30,20,Myrtaceae,Syzygium,chloranthum
Padu Banjar,PB5,PB5/7,Peat Swamp,5/24/2016,12,10,Polygalaceae,Xanthophyllum,amoenum
Padu Banjar,PB5,PB5/7,Peat Swamp,5/24/2016,27,25,Dipterocarpaceae,Shorea,
Padu Banjar,PB5,PB5/7,Peat Swamp,5/24/2016,19,20,Myrtaceae,Syzygium,chloranthum
Padu Banjar,PB5,PB5/7,Peat Swamp,5/24/2016,27,25,Lauraceae,Litsea,lancifolia
Padu Banjar,PB5,PB5/7,Peat Swamp,5/24/2016,24,20,Lauraceae,Litsea,lancifolia
Padu Banjar,PB5,PB5/7,Peat Swamp,5/24/2016,14,10,Lauraceae,Litsea,lancifolia
Padu Banjar,PB5,PB5/7,Peat Swamp,5/24/2016,32,25,Ebenaceae,Diospyros,siamang
Padu Banjar,PB5,PB5/7,Peat Swamp,5/24/2016,27,20,Ebenaceae,Diospyros,siamang
Padu Banjar,PB5,PB5/7,Peat Swamp,5/24/2016,28,25,Lauraceae,Litsea,lancifolia
Padu Banjar,PB5,PB5/7,Peat Swamp,5/24/2016,16,20,Myrtaceae,Syzygium,chloranthum
Padu Banjar,PB5,PB5/7,Peat Swamp,5/24/2016,14,15,Clusiaceae,Garcinia,parvifolia
Padu Banjar,PB5,PB5/7,Peat Swamp,5/24/2016,12,10,Crypteroniaceae,Dactylocladus,stenostachys
Padu Banjar,PB5,PB5/7,Peat Swamp,5/24/2016,11,10,Stemonuraceae,Stemonurus,secundiflorus
Padu Banjar,PB5,PB5/7,Peat Swamp,5/24/2016,14,15,Ebenaceae,Diospyros,areolata
Padu Banjar,PB5,PB5/7,Peat Swamp,5/24/2016,12,,Rubiaceae,Uncaria,
Padu Banjar,PB5,PB5/7,Peat Swamp,5/24/2016,14,10,Stemonuraceae,Stemonurus,secundiflorus
Padu Banjar,PB5,PB5/8,Peat Swamp,5/24/2016,14,10,Rubiaceae,Jackiopsis,ornata
Padu Banjar,PB5,PB5/8,Peat Swamp,5/24/2016,16,10,Lauraceae,Litsea,lancifolia
Padu Banjar,PB5,PB5/8,Peat Swamp,5/24/2016,11,5,Lauraceae,Litsea,lancifolia
Padu Banjar,PB5,PB5/8,Peat Swamp,5/24/2016,16,10,Lauraceae,Litsea,lancifolia
Padu Banjar,PB5,PB5/8,Peat Swamp,5/24/2016,14,15,Sapotaceae,Palaquium,rostratum
Padu Banjar,PB5,PB5/8,Peat Swamp,5/24/2016,17,15,Lauraceae,Litsea,lancifolia
Padu Banjar,PB5,PB5/8,Peat Swamp,5/24/2016,14,10,Elaeocarpaceae,Elaeocarpus,stipularis
Padu Banjar,PB5,PB5/8,Peat Swamp,5/24/2016,16,10,Stemonuraceae,Stemonurus,secundiflorus
Padu Banjar,PB5,PB5/8,Peat Swamp,5/24/2016,17,10,Elaeocarpaceae,Elaeocarpus,stipularis
Padu Banjar,PB5,PB5/8,Peat Swamp,5/24/2016,16,15,Stemonuraceae,Stemonurus,secundiflorus
Padu Banjar,PB5,PB5/9,Peat Swamp,5/24/2016,14,10,Sapotaceae,Palaquium,rostratum
Padu Banjar,PB5,PB5/9,Peat Swamp,5/24/2016,10,10,Lauraceae,Litsea,lancifolia
Padu Banjar,PB5,PB5/9,Peat Swamp,5/24/2016,12,10,Aquifoliaceae,Ilex,cymosa
Padu Banjar,PB5,PB5/9,Peat Swamp,5/24/2016,23,15,Lauraceae,Litsea,lancifolia
Padu Banjar,PB5,PB5/9,Peat Swamp,5/24/2016,27,20,Ebenaceae,Diospyros,siamang
Padu Banjar,PB5,PB5/9,Peat Swamp,5/24/2016,20,15,Myrtaceae,Syzygium,chloranthum
Padu Banjar,PB5,PB5/9,Peat Swamp,5/24/2016,14,10,Calophyllaceae,Calophyllum,sclerophyllum
Padu Banjar,PB5,PB5/10,Peat Swamp,5/24/2016,18,15,Sapindaceae,Nephelium,maingayi
Padu Banjar,PB5,PB5/10,Peat Swamp,5/24/2016,10,15,Polygalaceae,Xanthophyllum,amoenum
Padu Banjar,PB5,PB5/10,Peat Swamp,5/24/2016,38,30,Chrysobalanaceae,Licania,splendens
Padu Banjar,PB5,PB5/10,Peat Swamp,5/24/2016,32,25,Ebenaceae,Diospyros,siamang
Padu Banjar,PB5,PB5/10,Peat Swamp,5/24/2016,29,20,Ebenaceae,Diospyros,siamang
Padu Banjar,PB5,PB5/10,Peat Swamp,5/24/2016,18,20,Ebenaceae,Diospyros,siamang
Padu Banjar,PB5,PB5/10,Peat Swamp,5/24/2016,18,20,Tetrameristaceae,Tetramerista,glabra
Padu Banjar,PB5,PB5/10,Peat Swamp,5/24/2016,16,15,Lauraceae,Litsea,lancifolia
Padu Banjar,PB5,PB5/10,Peat Swamp,5/24/2016,27,25,Myristicaceae,Horsfieldia,grandis
Padu Banjar,PB5,PB5/10,Peat Swamp,5/24/2016,18,20,Annonaceae,Mezzettia,parvifolia
Padu Banjar,PB5,PB5/10,Peat Swamp,5/24/2016,21,25,Lauraceae,Litsea,lancifolia
Padu Banjar,PB5,PB5/10,Peat Swamp,5/24/2016,21,20,Ebenaceae,Diospyros,siamang
Padu Banjar,PB5,PB5/10,Peat Swamp,5/24/2016,17,15,Ebenaceae,Diospyros,siamang
Padu Banjar,PB5,PB5/10,Peat Swamp,5/24/2016,26,30,Stemonuraceae,Stemonurus,secundiflorus
Padu Banjar,PB5,PB5/10,Peat Swamp,5/24/2016,20,15,Stemonuraceae,Stemonurus,secundiflorus
Padu Banjar,PB5,PB5/10,Peat Swamp,5/24/2016,21,20,Ebenaceae,Diospyros,siamang
Padu Banjar,PB5,PB5/10,Peat Swamp,5/24/2016,12,15,Stemonuraceae,Stemonurus,secundiflorus
Padu Banjar,PB5,PB5/10,Peat Swamp,5/24/2016,25,25,Calophyllaceae,Calophyllum,pisiferum
Pemangkat,P1,P1/3,Peat Swamp,5/25/2016,22,15,Lauraceae,Litsea,lancifolia
Pemangkat,P1,P1/3,Peat Swamp,5/25/2016,17,10,Lauraceae,Litsea,lancifolia
Pemangkat,P1,P1/3,Peat Swamp,5/25/2016,14,10,Lauraceae,Litsea,lancifolia
Pemangkat,P1,P1/3,Peat Swamp,5/25/2016,25,10,Lauraceae,Litsea,lancifolia
Pemangkat,P1,P1/3,Peat Swamp,5/25/2016,10,5,Fagaceae,Lithocarpus,conocarpus
Pemangkat,P1,P1/3,Peat Swamp,5/25/2016,10,10,Lauraceae,Litsea,lancifolia
Pemangkat,P1,P1/3,Peat Swamp,5/25/2016,16,15,Lauraceae,Litsea,lancifolia
Pemangkat,P1,P1/3,Peat Swamp,5/25/2016,14,10,Lauraceae,Litsea,lancifolia
Pemangkat,P1,P1/3,Peat Swamp,5/25/2016,36,30,Thymeleaceae,Gonystylus,bancanus
Pemangkat,P1,P1/4,Peat Swamp,5/25/2016,16,10,Dipterocarpaceae,Shorea,uliginosa
Pemangkat,P1,P1/4,Peat Swamp,5/25/2016,14,10,Dipterocarpaceae,Shorea,uliginosa
Pemangkat,P1,P1/4,Peat Swamp,5/25/2016,18,10,Lauraceae,Litsea,lancifolia
Pemangkat,P1,P1/4,Peat Swamp,5/25/2016,16,10,Aquifoliaceae,Ilex,cymosa
Pemangkat,P1,P1/4,Peat Swamp,5/25/2016,14,10,Aquifoliaceae,Ilex,cymosa
Pemangkat,P1,P1/4,Peat Swamp,5/25/2016,17,15,Dipterocarpaceae,Shorea,leprosula
Pemangkat,P1,P1/4,Peat Swamp,5/25/2016,23,25,Thymeleaceae,Gonystylus,bancanus
Pemangkat,P1,P1/4,Peat Swamp,5/25/2016,38,25,Myrtaceae,Syzygium,havilandii
Pemangkat,P1,P1/4,Peat Swamp,5/25/2016,23,20,Dipterocarpaceae,Shorea,leprosula
Pemangkat,P1,P1/4,Peat Swamp,5/25/2016,27,25,Lauraceae,Litsea,lancifolia
Pemangkat,P1,P1/5,Peat Swamp,5/25/2016,10,15,Fagaceae,Lithocarpus,conocarpus
Pemangkat,P1,P1/5,Peat Swamp,5/25/2016,27,20,Clusiaceae,Garcinia,parvifolia
Pemangkat,P1,P1/5,Peat Swamp,5/25/2016,14,15,Lauraceae,Cryptocarya,strictifolia
Pemangkat,P1,P1/5,Peat Swamp,5/25/2016,18,20,Euphorbiaceae,Blumeodendron,tokbrai
Pemangkat,P1,P1/5,Peat Swamp,5/25/2016,16,20,Lauraceae,Litsea,lancifolia
Pemangkat,P1,P1/5,Peat Swamp,5/25/2016,10,,Rubiaceae,Uncaria,
Pemangkat,P1,P1/5,Peat Swamp,5/25/2016,12,10,Aquifoliaceae,Ilex,cymosa
Pemangkat,P1,P1/5,Peat Swamp,5/25/2016,35,30,Sapindaceae,Nephelium,maingayi
Pemangkat,P1,P1/5,Peat Swamp,5/25/2016,17,15,Clusiaceae,Garcinia,parvifolia
Pemangkat,P1,P1/6,Peat Swamp,5/25/2016,35,20,Fagaceae,Lithocarpus,conocarpus
Pemangkat,P1,P1/6,Peat Swamp,5/25/2016,19,20,Myristicaceae,Horsfieldia,grandis
Pemangkat,P1,P1/6,Peat Swamp,5/25/2016,80,,Pandanaceae,Pandanus,tectorius
Pemangkat,P1,P1/6,Peat Swamp,5/25/2016,8,,Rubiaceae,Uncaria,
Pemangkat,P1,P1/6,Peat Swamp,5/25/2016,20,25,Lauraceae,Litsea,lancifolia
Pemangkat,P1,P1/6,Peat Swamp,5/25/2016,17,20,Lauraceae,Litsea,lancifolia
Pemangkat,P1,P1/6,Peat Swamp,5/25/2016,21,15,Fagaceae,Lithocarpus,conocarpus
Pemangkat,P1,P1/6,Peat Swamp,5/25/2016,29,20,Lauraceae,Litsea,lancifolia
Pemangkat,P1,P1/6,Peat Swamp,5/25/2016,15,10,Tetrameristaceae,Tetramerista,glabra
Pemangkat,P1,P1/6,Peat Swamp,5/25/2016,23,20,Sterculiaceae,Scaphium,macropodum
Pemangkat,P1,P1/6,Peat Swamp,5/25/2016,24,15,Lauraceae,Litsea,lancifolia
Pemangkat,P1,P1/6,Peat Swamp,5/25/2016,21,15,Lauraceae,Litsea,lancifolia
Pemangkat,P1,P1/6,Peat Swamp,5/25/2016,29,20,Lauraceae,Litsea,lancifolia
Pemangkat,P1,P1/6,Peat Swamp,5/25/2016,14,10,Lauraceae,Litsea,lancifolia
Pemangkat,P1,P1/6,Peat Swamp,5/25/2016,16,10,Lauraceae,Litsea,lancifolia
Pemangkat,P1,P1/7,Peat Swamp,5/25/2016,23,20,Stemonuraceae,Stemonurus,secundiflorus
Pemangkat,P1,P1/7,Peat Swamp,5/25/2016,12,10,Euphorbiaceae,Blumeodendron,tokbrai
Pemangkat,P1,P1/7,Peat Swamp,5/25/2016,15,10,Magnoliaceae,Magnolia,
Pemangkat,P1,P1/7,Peat Swamp,5/25/2016,27,25,Chrysobalanaceae,Licania,splendens
Pemangkat,P1,P1/7,Peat Swamp,5/25/2016,16,15,Fagaceae,Lithocarpus,conocarpus
Pemangkat,P1,P1/7,Peat Swamp,5/25/2016,19,25,Anacardiaceaae,Campnosperma,coriaceum
Pemangkat,P1,P1/7,Peat Swamp,5/25/2016,18,20,Myrtaceae,Syzygium,havilandii
Pemangkat,P1,P1/7,Peat Swamp,5/25/2016,26,25,Anacardiaceaae,Campnosperma,coriaceum
Pemangkat,P1,P1/7,Peat Swamp,5/25/2016,21,20,Stemonuraceae,Stemonurus,secundiflorus
Pemangkat,P1,P1/7,Peat Swamp,5/25/2016,14,10,Euphorbiaceae,Macaranga,depressa
Pemangkat,P1,P1/8,Peat Swamp,5/25/2016,17,15,Lauraceae,Litsea,lancifolia
Pemangkat,P1,P1/8,Peat Swamp,5/25/2016,35,25,Sapotaceae,Palaquium,rostratum
Pemangkat,P1,P1/8,Peat Swamp,5/25/2016,16,15,Ebenaceae,Diospyros,siamang
Pemangkat,P1,P1/8,Peat Swamp,5/25/2016,16,15,Anacardiaceaae,Campnosperma,coriaceum
Pemangkat,P1,P1/8,Peat Swamp,5/25/2016,8,,Gnetaceae,Gnetum,
Pemangkat,P1,P1/8,Peat Swamp,5/25/2016,17,15,Lauraceae,Litsea,lancifolia
Pemangkat,P1,P1/8,Peat Swamp,5/25/2016,12,10,Lauraceae,Litsea,lancifolia
Pemangkat,P1,P1/8,Peat Swamp,5/25/2016,14,15,Lauraceae,Litsea,lancifolia
Pemangkat,P1,P1/8,Peat Swamp,5/25/2016,18,15,Lauraceae,Litsea,lancifolia
Pemangkat,P1,P1/8,Peat Swamp,5/25/2016,12,10,Stemonuraceae,Stemonurus,secundiflorus
Pemangkat,P1,P1/8,Peat Swamp,5/25/2016,10,10,Ebenaceae,Diospyros,siamang
Pemangkat,P1,P1/8,Peat Swamp,5/25/2016,18,10,Ebenaceae,Diospyros,siamang
Pemangkat,P1,P1/9,Peat Swamp,5/25/2016,35,25,Thymeleaceae,Gonystylus,bancanus
Pemangkat,P1,P1/9,Peat Swamp,5/25/2016,24,20,Ebenaceae,Diospyros,maingayi
Pemangkat,P1,P1/9,Peat Swamp,5/25/2016,30,25,Thymeleaceae,Gonystylus,bancanus
Pemangkat,P1,P1/9,Peat Swamp,5/25/2016,6,,Apocynaceae,Willughbeia,
Pemangkat,P1,P1/9,Peat Swamp,5/25/2016,17,15,Thymeleaceae,Gonystylus,bancanus
Pemangkat,P1,P1/9,Peat Swamp,5/25/2016,16,20,Euphorbiaceae,Blumeodendron,tokbrai
Pemangkat,P1,P1/9,Peat Swamp,5/25/2016,14,15,Stemonuraceae,Stemonurus,secundiflorus
Pemangkat,P1,P1/9,Peat Swamp,5/25/2016,18,20,Meliaceae,Aglaia,rubiginosa
Pemangkat,P1,P1/9,Peat Swamp,5/25/2016,16,10,Calophyllaceae,Calophyllum,pisiferum
Pemangkat,P1,P1/9,Peat Swamp,5/25/2016,14,10,Stemonuraceae,Stemonurus,secundiflorus
Pemangkat,P1,P1/9,Peat Swamp,5/25/2016,14,10,Clusiaceae,Garcinia,parvifolia
Pemangkat,P1,P1/9,Peat Swamp,5/25/2016,15,20,Sapotaceae,Palaquium,pseudocuneatum
Pemangkat,P1,P1/9,Peat Swamp,5/25/2016,18,20,Lauraceae,Litsea,lancifolia
Pemangkat,P1,P1/9,Peat Swamp,5/25/2016,14,10,Aquifoliaceae,Ilex,cymosa
Pemangkat,P1,P1/9,Peat Swamp,5/25/2016,12,10,Aquifoliaceae,Ilex,cymosa
Pemangkat,P1,P1/9,Peat Swamp,5/25/2016,10,10,Aquifoliaceae,Ilex,cymosa
Pemangkat,P1,P1/9,Peat Swamp,5/25/2016,12,15,Phyllanthaceae,Baccaurea,bracteata
Pemangkat,P1,P1/9,Peat Swamp,5/25/2016,16,20,Fagaceae,Lithocarpus,conocarpus
Pemangkat,P1,P1/10,Peat Swamp,5/25/2016,14,15,Stemonuraceae,Stemonurus,secundiflorus
Pemangkat,P1,P1/10,Peat Swamp,5/25/2016,17,10,Ebenaceae,Diospyros,maingayi
Pemangkat,P1,P1/10,Peat Swamp,5/25/2016,11,10,Tetrameristaceae,Tetramerista,glabra
Pemangkat,P1,P1/10,Peat Swamp,5/25/2016,17,15,Tetrameristaceae,Tetramerista,glabra
Pemangkat,P1,P1/10,Peat Swamp,5/25/2016,14,15,Stemonuraceae,Stemonurus,secundiflorus
Pemangkat,P1,P1/10,Peat Swamp,5/25/2016,16,10,Aquifoliaceae,Ilex,cymosa
Pemangkat,P1,P1/10,Peat Swamp,5/25/2016,12,10,Aquifoliaceae,Ilex,cymosa
Pemangkat,P1,P1/10,Peat Swamp,5/25/2016,27,20,Celastraceae,Lophopetalum,javanicum
Pemangkat,P1,P1/10,Peat Swamp,5/25/2016,17,15,Tetrameristaceae,Tetramerista,glabra
Pemangkat,P1,P1/10,Peat Swamp,5/25/2016,31,25,Thymeleaceae,Gonystylus,bancanus
Pemangkat,P1,P1/10,Peat Swamp,5/25/2016,17,15,Dipterocarpaceae,Shorea,ovalis
Nipah Kuning,NK1,NK1/1,Peat Swamp,5/27/2016,15,10,Moraceae,Ficus,
Nipah Kuning,NK1,NK1/1,Peat Swamp,5/27/2016,17,15,Anacardiaceaae,Campnosperma,coriaceum
Nipah Kuning,NK1,NK1/1,Peat Swamp,5/27/2016,10,10,Thymeleaceae,Gonystylus,bancanus
Nipah Kuning,NK1,NK1/1,Peat Swamp,5/27/2016,12,10,Sapotaceae,Palaquium,rostratum
Nipah Kuning,NK1,NK1/1,Peat Swamp,5/27/2016,14,10,Sapotaceae,Palaquium,rostratum
Nipah Kuning,NK1,NK1/1,Peat Swamp,5/27/2016,28,25,Sapotaceae,Palaquium,rostratum
Nipah Kuning,NK1,NK1/2,Peat Swamp,5/27/2016,18,10,Moraceae,Ficus,
Nipah Kuning,NK1,NK1/2,Peat Swamp,5/27/2016,16,10,Moraceae,Ficus,
Nipah Kuning,NK1,NK1/2,Peat Swamp,5/27/2016,23,20,Calophyllaceae,Calophyllum,pisiferum
Nipah Kuning,NK1,NK1/2,Peat Swamp,5/27/2016,17,15,Lauraceae,Litsea,lancifolia
Nipah Kuning,NK1,NK1/2,Peat Swamp,5/27/2016,16,10,Moraceae,Ficus,
Nipah Kuning,NK1,NK1/2,Peat Swamp,5/27/2016,17,10,Phyllanthaceae,Baccaurea,bracteata
Nipah Kuning,NK1,NK1/2,Peat Swamp,5/27/2016,12,5,Stemonuraceae,Stemonurus,secundiflorus
Nipah Kuning,NK1,NK1/2,Peat Swamp,5/27/2016,20,15,Calophyllaceae,Calophyllum,inophyllum
Nipah Kuning,NK1,NK1/2,Peat Swamp,5/27/2016,14,10,Phyllanthaceae,Baccaurea,bracteata
Nipah Kuning,NK1,NK1/2,Peat Swamp,5/27/2016,12,10,Aquifoliaceae,Ilex,cymosa
Nipah Kuning,NK1,NK1/2,Peat Swamp,5/27/2016,16,10,Polygalaceae,Xanthophyllum,amoenum
Nipah Kuning,NK1,NK1/2,Peat Swamp,5/27/2016,18,15,Lauraceae,Litsea,lancifolia
Nipah Kuning,NK1,NK1/2,Peat Swamp,5/27/2016,12,10,Polygalaceae,Xanthophyllum,amoenum
Nipah Kuning,NK1,NK1/2,Peat Swamp,5/27/2016,17,15,Polygalaceae,Xanthophyllum,amoenum
Nipah Kuning,NK1,NK1/2,Peat Swamp,5/27/2016,19,20,Thymeleaceae,Gonystylus,bancanus
Nipah Kuning,NK1,NK1/3,Peat Swamp,5/27/2016,21,15,Ebenaceae,Diospyros,maingayi
Nipah Kuning,NK1,NK1/3,Peat Swamp,5/27/2016,15,10,Magnoliaceae,Magnolia,
Nipah Kuning,NK1,NK1/3,Peat Swamp,5/27/2016,14,10,Fagaceae,Lithocarpus,conocarpus
Nipah Kuning,NK1,NK1/3,Peat Swamp,5/27/2016,17,10,Sapindaceae,Nephelium,maingayi
Nipah Kuning,NK1,NK1/3,Peat Swamp,5/27/2016,17,15,Sapindaceae,Nephelium,maingayi
Nipah Kuning,NK1,NK1/3,Peat Swamp,5/27/2016,14,10,Lauraceae,Litsea,lancifolia
Nipah Kuning,NK1,NK1/3,Peat Swamp,5/27/2016,12,10,Anacardiaceaae,Campnosperma,coriaceum
Nipah Kuning,NK1,NK1/3,Peat Swamp,5/27/2016,17,15,Tetrameristaceae,Tetramerista,glabra
Nipah Kuning,NK1,NK1/3,Peat Swamp,5/27/2016,12,10,Lauraceae,Litsea,lancifolia
Nipah Kuning,NK1,NK1/3,Peat Swamp,5/27/2016,18,15,Thymeleaceae,Gonystylus,bancanus
Nipah Kuning,NK1,NK1/3,Peat Swamp,5/27/2016,22,20,Fagaceae,Lithocarpus,leptogyne
Nipah Kuning,NK1,NK1/3,Peat Swamp,5/27/2016,22,20,Lauraceae,Litsea,lancifolia
Nipah Kuning,NK1,NK1/3,Peat Swamp,5/27/2016,18,15,Tetrameristaceae,Tetramerista,glabra
Nipah Kuning,NK1,NK1/3,Peat Swamp,5/27/2016,17,15,Myrtaceae,Syzygium,zeylanicum
Nipah Kuning,NK1,NK1/3,Peat Swamp,5/27/2016,14,10,Calophyllaceae,Calophyllum,pisiferum
Nipah Kuning,NK1,NK1/3,Peat Swamp,5/27/2016,19,15,Magnoliaceae,Magnolia,
Nipah Kuning,NK1,NK1/3,Peat Swamp,5/27/2016,17,20,Lauraceae,Litsea,lancifolia
Nipah Kuning,NK1,NK1/3,Peat Swamp,5/27/2016,12,15,Burseraceae,Santiria,oblongifolia
Nipah Kuning,NK1,NK1/4,Peat Swamp,5/27/2016,14,10,Clusiaceae,Garcinia,parvifolia
Nipah Kuning,NK1,NK1/4,Peat Swamp,5/27/2016,18,14,Sapotaceae,Palaquium,rostratum
Nipah Kuning,NK1,NK1/4,Peat Swamp,5/27/2016,12,10,Stemonuraceae,Stemonurus,secundiflorus
Nipah Kuning,NK1,NK1/4,Peat Swamp,5/27/2016,16,15,Polygalaceae,Xanthophyllum,amoenum
Nipah Kuning,NK1,NK1/4,Peat Swamp,5/27/2016,17,15,Stemonuraceae,Stemonurus,secundiflorus
Nipah Kuning,NK1,NK1/4,Peat Swamp,5/27/2016,10,10,Stemonuraceae,Stemonurus,secundiflorus
Nipah Kuning,NK1,NK1/4,Peat Swamp,5/27/2016,14,10,Stemonuraceae,Stemonurus,secundiflorus
Nipah Kuning,NK1,NK1/4,Peat Swamp,5/27/2016,23,20,Sapotaceae,Palaquium,rostratum
Nipah Kuning,NK1,NK1/4,Peat Swamp,5/27/2016,16,15,Stemonuraceae,Stemonurus,secundiflorus
Nipah Kuning,NK1,NK1/4,Peat Swamp,5/27/2016,32,25,Ebenaceae,Diospyros,maingayi
Nipah Kuning,NK1,NK1/4,Peat Swamp,5/27/2016,38,30,Sapotaceae,Palaquium,pseudocuneatum
Nipah Kuning,NK1,NK1/4,Peat Swamp,5/27/2016,40,30,Rosaceae,Parastemon,
Nipah Kuning,NK1,NK1/4,Peat Swamp,5/27/2016,12,10,Polygalaceae,Xanthophyllum,amoenum
Nipah Kuning,NK1,NK1/4,Peat Swamp,5/27/2016,37,25,Polygalaceae,Xanthophyllum,ellipticum
Nipah Kuning,NK1,NK1/4,Peat Swamp,5/27/2016,27,20,Ebenaceae,Diospyros,maingayi
Nipah Kuning,NK1,NK1/4,Peat Swamp,5/27/2016,29,25,Sapindaceae,Nephelium,maingayi
Nipah Kuning,NK1,NK1/4,Peat Swamp,5/27/2016,26,30,Myrtaceae,Syzygium,zeylanicum
Nipah Kuning,NK1,NK1/4,Peat Swamp,5/27/2016,10,10,Ebenaceae,Diospyros,siamang
Nipah Kuning,NK1,NK1/4,Peat Swamp,5/27/2016,12,10,Myrtaceae,Syzygium,havilandii
Nipah Kuning,NK1,NK1/4,Peat Swamp,5/27/2016,18,15,Phyllanthaceae,Baccaurea,bracteata
Nipah Kuning,NK1,NK1/4,Peat Swamp,5/27/2016,14,15,Euphorbiaceae,Blumeodendron,tokbrai
Nipah Kuning,NK1,NK1/4,Peat Swamp,5/27/2016,14,15,Polygalaceae,Xanthophyllum,amoenum
Nipah Kuning,NK1,NK1/4,Peat Swamp,5/27/2016,18,20,Myrtaceae,Syzygium,chloranthum
Nipah Kuning,NK1,NK1/4,Peat Swamp,5/27/2016,19,15,Polygalaceae,Xanthophyllum,ellipticum
Nipah Kuning,NK1,NK1/5,Peat Swamp,5/27/2016,21,20,Sapotaceae,Palaquium,rostratum
Nipah Kuning,NK1,NK1/5,Peat Swamp,5/27/2016,16,15,Stemonuraceae,Stemonurus,secundiflorus
Nipah Kuning,NK1,NK1/5,Peat Swamp,5/27/2016,16,15,Euphorbiaceae,Blumeodendron,tokbrai
Nipah Kuning,NK1,NK1/5,Peat Swamp,5/27/2016,19,20,Sapotaceae,Palaquium,rostratum
Nipah Kuning,NK1,NK1/5,Peat Swamp,5/27/2016,24,25,Myrtaceae,Tristaniopsis,obovata
Nipah Kuning,NK1,NK1/5,Peat Swamp,5/27/2016,20,20,Dipterocarpaceae,Shorea,ovalis
Nipah Kuning,NK1,NK1/5,Peat Swamp,5/27/2016,32,25,Thymeleaceae,Gonystylus,bancanus
Nipah Kuning,NK1,NK1/5,Peat Swamp,5/27/2016,27,20,Myrtaceae,Tristaniopsis,obovata
Nipah Kuning,NK1,NK1/5,Peat Swamp,5/27/2016,11,10,Crypteroniaceae,Dactylocladus,stenostachys
Nipah Kuning,NK1,NK1/5,Peat Swamp,5/27/2016,18,15,Lauraceae,Litsea,lancifolia
Nipah Kuning,NK1,NK1/5,Peat Swamp,5/27/2016,14,10,Myrtaceae,Syzygium,havilandii
Nipah Kuning,NK1,NK1/5,Peat Swamp,5/27/2016,17,15,Stemonuraceae,Stemonurus,secundiflorus
Nipah Kuning,NK1,NK1/5,Peat Swamp,5/27/2016,18,15,Sapotaceae,Palaquium,pseudocuneatum
Nipah Kuning,NK1,NK1/5,Peat Swamp,5/27/2016,24,20,Meliaceae,Aglaia,rubiginosa
Nipah Kuning,NK1,NK1/5,Peat Swamp,5/27/2016,14,10,Clusiaceae,Garcinia,parvifolia
Nipah Kuning,NK1,NK1/5,Peat Swamp,5/27/2016,10,20,Polygalaceae,Xanthophyllum,amoenum
Nipah Kuning,NK1,NK1/5,Peat Swamp,5/27/2016,29,25,Ebenaceae,Diospyros,maingayi
Nipah Kuning,NK1,NK1/5,Peat Swamp,5/27/2016,27,20,Myrtaceae,Tristaniopsis,obovata
Nipah Kuning,NK1,NK1/5,Peat Swamp,5/27/2016,21,15,Myrtaceae,Syzygium,zeylanicum
Nipah Kuning,NK1,NK1/5,Peat Swamp,5/27/2016,29,20,Myrtaceae,Tristaniopsis,obovata
Nipah Kuning,NK1,NK1/6,Peat Swamp,5/27/2016,18,20,Thymeleaceae,Gonystylus,bancanus
Nipah Kuning,NK1,NK1/6,Peat Swamp,5/27/2016,17,15,Sapotaceae,Palaquium,rostratum
Nipah Kuning,NK1,NK1/6,Peat Swamp,5/27/2016,23,20,Myrtaceae,Tristaniopsis,beccarii
Nipah Kuning,NK1,NK1/6,Peat Swamp,5/27/2016,32,25,Elaeocarpaceae,Elaeocarpus,stipularis
Nipah Kuning,NK1,NK1/6,Peat Swamp,5/27/2016,17,15,Elaeocarpaceae,Elaeocarpus,submonoceras
Nipah Kuning,NK1,NK1/6,Peat Swamp,5/27/2016,21,20,Lecythidaceae,Barringtonia,Macrostachya
Nipah Kuning,NK1,NK1/6,Peat Swamp,5/27/2016,18,15,Stemonuraceae,Stemonurus,secundiflorus
Nipah Kuning,NK1,NK1/6,Peat Swamp,5/27/2016,27,20,Sapotaceae,Palaquium,rostratum
Nipah Kuning,NK1,NK1/6,Peat Swamp,5/27/2016,19,15,Sapotaceae,Palaquium,rostratum
Nipah Kuning,NK1,NK1/6,Peat Swamp,5/27/2016,11,10,Ebenaceae,Diospyros,maingayi
Nipah Kuning,NK1,NK1/6,Peat Swamp,5/27/2016,21,20,Ebenaceae,Diospyros,maingayi
Nipah Kuning,NK1,NK1/6,Peat Swamp,5/27/2016,18,21,Myrtaceae,Syzygium,chloranthum
Nipah Kuning,NK1,NK1/6,Peat Swamp,5/27/2016,27,20,Myristicaceae,Knema,latericia
Nipah Kuning,NK1,NK1/6,Peat Swamp,5/27/2016,19,15,Thymeleaceae,Gonystylus,bancanus
Nipah Kuning,NK1,NK1/6,Peat Swamp,5/27/2016,11,10,Stemonuraceae,Stemonurus,secundiflorus
Nipah Kuning,NK1,NK1/7,Peat Swamp,5/27/2016,17,15,Stemonuraceae,Stemonurus,secundiflorus
Nipah Kuning,NK1,NK1/7,Peat Swamp,5/27/2016,24,20,Myrtaceae,Syzygium,havilandii
Nipah Kuning,NK1,NK1/7,Peat Swamp,5/27/2016,35,30,Myrtaceae,Tristaniopsis,obovata
Nipah Kuning,NK1,NK1/7,Peat Swamp,5/27/2016,27,25,Sapotaceae,Madhuca,motleyana
Nipah Kuning,NK1,NK1/7,Peat Swamp,5/27/2016,21,20,Euphorbiaceae,Blumeodendron,tokbrai
Nipah Kuning,NK1,NK1/7,Peat Swamp,5/27/2016,17,15,Myrtaceae,Syzygium,chloranthum
Nipah Kuning,NK1,NK1/7,Peat Swamp,5/27/2016,12,10,Magnoliaceae,Magnolia,
Nipah Kuning,NK1,NK1/7,Peat Swamp,5/27/2016,17,15,Thymeleaceae,Gonystylus,bancanus
Nipah Kuning,NK1,NK1/7,Peat Swamp,5/27/2016,11,10,Myrtaceae,Syzygium,chloranthum
Nipah Kuning,NK1,NK1/7,Peat Swamp,5/27/2016,22,25,Sapotaceae,Palaquium,rostratum
Nipah Kuning,NK1,NK1/7,Peat Swamp,5/27/2016,23,20,Magnoliaceae,Magnolia,
Nipah Kuning,NK1,NK1/7,Peat Swamp,5/27/2016,16,15,Stemonuraceae,Stemonurus,secundiflorus
Nipah Kuning,NK1,NK1/7,Peat Swamp,5/27/2016,21,25,Lauraceae,Litsea,lancifolia
Nipah Kuning,NK1,NK1/7,Peat Swamp,5/27/2016,12,15,Fagaceae,Lithocarpus,leptogyne
Nipah Kuning,NK1,NK1/7,Peat Swamp,5/27/2016,17,15,Euphorbiaceae,Blumeodendron,tokbrai
Nipah Kuning,NK1,NK1/9,Peat Swamp,5/27/2016,17,15,Fagaceae,Lithocarpus,leptogyne
Nipah Kuning,NK1,NK1/9,Peat Swamp,5/27/2016,18,15,Fagaceae,Lithocarpus,leptogyne
Nipah Kuning,NK1,NK1/9,Peat Swamp,5/27/2016,12,10,Phyllanthaceae,Baccaurea,bracteata
Nipah Kuning,NK1,NK1/9,Peat Swamp,5/27/2016,16,10,Polygalaceae,Xanthophyllum,ellipticum
Nipah Kuning,NK1,NK1/9,Peat Swamp,5/27/2016,10,10,Anacardiaceaae,Campnosperma,coriaceum
Nipah Kuning,NK1,NK1/9,Peat Swamp,5/27/2016,12,15,Sapotaceae,Palaquium,rostratum
Nipah Kuning,NK1,NK1/9,Peat Swamp,5/27/2016,11,10,Euphorbiaceae,Blumeodendron,tokbrai
Nipah Kuning,NK1,NK1/9,Peat Swamp,5/27/2016,17,15,Sapotaceae,Palaquium,rostratum
Nipah Kuning,NK1,NK1/9,Peat Swamp,5/27/2016,18,20,Fagaceae,Lithocarpus,leptogyne
Nipah Kuning,NK1,NK1/9,Peat Swamp,5/27/2016,16,15,Fagaceae,Lithocarpus,leptogyne
Nipah Kuning,NK1,NK1/9,Peat Swamp,5/27/2016,14,10,Fagaceae,Lithocarpus,leptogyne
Nipah Kuning,NK1,NK1/9,Peat Swamp,5/27/2016,15,10,Fagaceae,Lithocarpus,leptogyne
Nipah Kuning,NK1,NK1/9,Peat Swamp,5/27/2016,18,15,Fagaceae,Lithocarpus,leptogyne
Nipah Kuning,NK1,NK1/9,Peat Swamp,5/27/2016,10,10,Fagaceae,Lithocarpus,leptogyne
Nipah Kuning,NK1,NK1/9,Peat Swamp,5/27/2016,12,10,Phyllanthaceae,Baccaurea,bracteata
Nipah Kuning,NK1,NK1/9,Peat Swamp,5/27/2016,16,12,Fagaceae,Lithocarpus,leptogyne
Nipah Kuning,NK1,NK1/10,Peat Swamp,5/27/2016,10,10,Fagaceae,Lithocarpus,leptogyne
Nipah Kuning,NK1,NK1/10,Peat Swamp,5/27/2016,11,10,Fagaceae,Lithocarpus,leptogyne
Nipah Kuning,NK2,NK2/1,Peat Swamp,5/28/2016,12,10,Stemonuraceae,Stemonurus,secundiflorus
Nipah Kuning,NK2,NK2/1,Peat Swamp,5/28/2016,17,15,Lauraceae,Litsea,lancifolia
Nipah Kuning,NK2,NK2/1,Peat Swamp,5/28/2016,16,15,Annonaceae,Mezzettia,parvifolia
Nipah Kuning,NK2,NK2/1,Peat Swamp,5/28/2016,38,30,Apocynaceae,Alstonia,scholaris
Nipah Kuning,NK2,NK2/1,Peat Swamp,5/28/2016,14,15,Sapindaceae,Nephelium,maingayi
Nipah Kuning,NK2,NK2/1,Peat Swamp,5/28/2016,12,15,Sapindaceae,Nephelium,maingayi
Nipah Kuning,NK2,NK2/1,Peat Swamp,5/28/2016,13,10,Sapindaceae,Nephelium,maingayi
Nipah Kuning,NK2,NK2/1,Peat Swamp,5/28/2016,14,15,Tetrameristaceae,Tetramerista,glabra
Nipah Kuning,NK2,NK2/1,Peat Swamp,5/28/2016,29,20,Myrtaceae,Syzygium,chloranthum
Nipah Kuning,NK2,NK2/1,Peat Swamp,5/28/2016,19,15,Sapotaceae,Palaquium,rostratum
Nipah Kuning,NK2,NK2/1,Peat Swamp,5/28/2016,14,10,Myrtaceae,Syzygium,havilandii
Nipah Kuning,NK2,NK2/1,Peat Swamp,5/28/2016,23,25,Sapotaceae,Palaquium,rostratum
Nipah Kuning,NK2,NK2/1,Peat Swamp,5/28/2016,17,15,Ebenaceae,Diospyros,maingayi
Nipah Kuning,NK2,NK2/1,Peat Swamp,5/28/2016,18,20,Stemonuraceae,Stemonurus,secundiflorus
Nipah Kuning,NK2,NK2/1,Peat Swamp,5/28/2016,14,10,Phyllanthaceae,Baccaurea,bracteata
Nipah Kuning,NK2,NK2/1,Peat Swamp,5/28/2016,34,20,Myrtaceae,Syzygium,chloranthum
Nipah Kuning,NK2,NK2/1,Peat Swamp,5/28/2016,29,25,Lauraceae,Cryptocarya,griffithiana
Nipah Kuning,NK2,NK2/1,Peat Swamp,5/28/2016,19,15,Calophyllaceae,Calophyllum,pisiferum
Nipah Kuning,NK2,NK2/1,Peat Swamp,5/28/2016,23,20,Fagaceae,Lithocarpus,leptogyne
Nipah Kuning,NK2,NK2/1,Peat Swamp,5/28/2016,14,10,Fagaceae,Lithocarpus,leptogyne
Nipah Kuning,NK2,NK2/1,Peat Swamp,5/28/2016,17,20,Stemonuraceae,Stemonurus,secundiflorus
Nipah Kuning,NK2,NK2/1,Peat Swamp,5/28/2016,19,15,Myrtaceae,Syzygium,chloranthum
Nipah Kuning,NK2,NK2/2,Peat Swamp,5/28/2016,12,10,Sapotaceae,Palaquium,rostratum
Nipah Kuning,NK2,NK2/2,Peat Swamp,5/28/2016,10,15,Lauraceae,Litsea,lancifolia
Nipah Kuning,NK2,NK2/2,Peat Swamp,5/28/2016,32,25,Fagaceae,Lithocarpus,leptogyne
Nipah Kuning,NK2,NK2/2,Peat Swamp,5/28/2016,12,10,Tetrameristaceae,Tetramerista,glabra
Nipah Kuning,NK2,NK2/2,Peat Swamp,5/28/2016,27,20,Thymeleaceae,Gonystylus,bancanus
Nipah Kuning,NK2,NK2/2,Peat Swamp,5/28/2016,37,15,Crypteroniaceae,Dactylocladus,stenostachys
Nipah Kuning,NK2,NK2/2,Peat Swamp,5/28/2016,14,15,Dipterocarpaceae,Shorea,ovalis
Nipah Kuning,NK2,NK2/2,Peat Swamp,5/28/2016,16,15,Fagaceae,Lithocarpus,leptogyne
Nipah Kuning,NK2,NK2/2,Peat Swamp,5/28/2016,38,30,Crypteroniaceae,Dactylocladus,stenostachys
Nipah Kuning,NK2,NK2/3,Peat Swamp,5/28/2016,15,15,Stemonuraceae,Stemonurus,secundiflorus
Nipah Kuning,NK2,NK2/3,Peat Swamp,5/28/2016,14,15,Stemonuraceae,Stemonurus,secundiflorus
Nipah Kuning,NK2,NK2/3,Peat Swamp,5/28/2016,40,20,Moraceae,Ficus,crassiramea
Nipah Kuning,NK2,NK2/3,Peat Swamp,5/28/2016,48,30,Thymeleaceae,Gonystylus,bancanus
Nipah Kuning,NK2,NK2/3,Peat Swamp,5/28/2016,16,10,Lauraceae,Litsea,lancifolia
Nipah Kuning,NK2,NK2/3,Peat Swamp,5/28/2016,14,10,Stemonuraceae,Stemonurus,secundiflorus
Nipah Kuning,NK2,NK2/3,Peat Swamp,5/28/2016,24,15,Polygalaceae,Xanthophyllum,ellipticum
Nipah Kuning,NK2,NK2/3,Peat Swamp,5/28/2016,12,10,Lauraceae,Litsea,lancifolia
Nipah Kuning,NK2,NK2/3,Peat Swamp,5/28/2016,14,10,Polygalaceae,Xanthophyllum,amoenum
Nipah Kuning,NK2,NK2/3,Peat Swamp,5/28/2016,17,15,Fagaceae,Lithocarpus,conocarpus
Nipah Kuning,NK2,NK2/4,Peat Swamp,5/28/2016,12,10,Fagaceae,Lithocarpus,leptogyne
Nipah Kuning,NK2,NK2/4,Peat Swamp,5/28/2016,17,15,Polygalaceae,Xanthophyllum,amoenum
Nipah Kuning,NK2,NK2/4,Peat Swamp,5/28/2016,27,25,Lauraceae,Litsea,lancifolia
Nipah Kuning,NK2,NK2/4,Peat Swamp,5/28/2016,26,20,Stemonuraceae,Stemonurus,secundiflorus
Nipah Kuning,NK2,NK2/4,Peat Swamp,5/28/2016,10,10,Moraceae,Ficus,crassiramea
Nipah Kuning,NK2,NK2/4,Peat Swamp,5/28/2016,27,20,Fagaceae,Lithocarpus,leptogyne
Nipah Kuning,NK2,NK2/4,Peat Swamp,5/28/2016,14,10,Fagaceae,Lithocarpus,leptogyne
Nipah Kuning,NK2,NK2/4,Peat Swamp,5/28/2016,8,,Apocynaceae,Dyera,lowii
Nipah Kuning,NK2,NK2/4,Peat Swamp,5/28/2016,14,10,Fagaceae,Lithocarpus,conocarpus
Nipah Kuning,NK2,NK2/4,Peat Swamp,5/28/2016,17,15,Fagaceae,Lithocarpus,conocarpus
Nipah Kuning,NK2,NK2/4,Peat Swamp,5/28/2016,18,10,Fagaceae,Lithocarpus,conocarpus
Nipah Kuning,NK2,NK2/4,Peat Swamp,5/28/2016,30,15,Theaceae,Ternstromia,
Nipah Kuning,NK2,NK2/4,Peat Swamp,5/28/2016,14,20,Fagaceae,Lithocarpus,conocarpus
Nipah Kuning,NK2,NK2/5,Peat Swamp,5/28/2016,26,20,Myrtaceae,Syzygium,zeylanicum
Nipah Kuning,NK2,NK2/5,Peat Swamp,5/28/2016,8,,Rubiaceae,Uncaria,
Nipah Kuning,NK2,NK2/5,Peat Swamp,5/28/2016,11,10,Calophyllaceae,Calophyllum,inophyllum
Nipah Kuning,NK2,NK2/5,Peat Swamp,5/28/2016,17,15,Myrtaceae,Syzygium,zeylanicum
Nipah Kuning,NK2,NK2/5,Peat Swamp,5/28/2016,36,20,Tetrameristaceae,Tetramerista,glabra
Nipah Kuning,NK2,NK2/5,Peat Swamp,5/28/2016,15,10,Tetrameristaceae,Tetramerista,glabra
Nipah Kuning,NK2,NK2/5,Peat Swamp,5/28/2016,20,15,Thymeleaceae,Gonystylus,bancanus
Nipah Kuning,NK2,NK2/5,Peat Swamp,5/28/2016,17,15,Myrtaceae,Syzygium,chloranthum
Nipah Kuning,NK2,NK2/5,Peat Swamp,5/28/2016,18,20,Fagaceae,Lithocarpus,conocarpus
Nipah Kuning,NK2,NK2/5,Peat Swamp,5/28/2016,21,15,Myrtaceae,Syzygium,havilandii
Nipah Kuning,NK2,NK2/5,Peat Swamp,5/28/2016,27,20,Tetrameristaceae,Tetramerista,glabra
Nipah Kuning,NK2,NK2/6,Peat Swamp,5/28/2016,14,10,Fagaceae,Lithocarpus,leptogyne
Nipah Kuning,NK2,NK2/6,Peat Swamp,5/28/2016,12,10,Fagaceae,Lithocarpus,leptogyne
Nipah Kuning,NK2,NK2/6,Peat Swamp,5/28/2016,23,20,Sapotaceae,Palaquium,rostratum
Nipah Kuning,NK2,NK2/6,Peat Swamp,5/28/2016,27,20,Myrtaceae,Syzygium,zeylanicum
Nipah Kuning,NK2,NK2/6,Peat Swamp,5/28/2016,14,10,Stemonuraceae,Stemonurus,secundiflorus
Nipah Kuning,NK2,NK2/6,Peat Swamp,5/28/2016,16,15,Fagaceae,Lithocarpus,conocarpus
Nipah Kuning,NK2,NK2/6,Peat Swamp,5/28/2016,18,20,Fagaceae,Lithocarpus,conocarpus
Nipah Kuning,NK2,NK2/6,Peat Swamp,5/28/2016,21,20,Thymeleaceae,Gonystylus,bancanus
Nipah Kuning,NK2,NK2/6,Peat Swamp,5/28/2016,25,25,Moraceae,Parartocarpus,venenosus
Nipah Kuning,NK2,NK2/6,Peat Swamp,5/28/2016,17,15,Fagaceae,Lithocarpus,leptogyne
Nipah Kuning,NK2,NK2/6,Peat Swamp,5/28/2016,18,15,Anacardiaceaae,Campnosperma,coriaceum
Nipah Kuning,NK2,NK2/6,Peat Swamp,5/28/2016,16,10,Fagaceae,Lithocarpus,conocarpus
Nipah Kuning,NK2,NK2/6,Peat Swamp,5/28/2016,20,15,Lauraceae,Litsea,lancifolia
Nipah Kuning,NK2,NK2/6,Peat Swamp,5/28/2016,16,15,Calophyllaceae,Calophyllum,pisiferum
Nipah Kuning,NK2,NK2/7,Peat Swamp,5/28/2016,12,10,Fagaceae,Lithocarpus,leptogyne
Nipah Kuning,NK2,NK2/7,Peat Swamp,5/28/2016,16,10,Fagaceae,Lithocarpus,leptogyne
Nipah Kuning,NK2,NK2/7,Peat Swamp,5/28/2016,12,5,Lauraceae,Litsea,lancifolia
Nipah Kuning,NK2,NK2/7,Peat Swamp,5/28/2016,12,10,Fagaceae,Lithocarpus,leptogyne
Nipah Kuning,NK2,NK2/7,Peat Swamp,5/28/2016,10,10,Fagaceae,Lithocarpus,leptogyne
Nipah Kuning,NK2,NK2/7,Peat Swamp,5/28/2016,14,10,Stemonuraceae,Stemonurus,secundiflorus
Nipah Kuning,NK2,NK2/7,Peat Swamp,5/28/2016,12,10,Fagaceae,Lithocarpus,leptogyne
Nipah Kuning,NK2,NK2/7,Peat Swamp,5/28/2016,11,10,Fagaceae,Lithocarpus,leptogyne
Nipah Kuning,NK2,NK2/7,Peat Swamp,5/28/2016,25,15,Fagaceae,Lithocarpus,leptogyne
Nipah Kuning,NK2,NK2/8,Peat Swamp,5/28/2016,21,20,Clusiaceae,Garcinia,parvifolia
Nipah Kuning,NK2,NK2/8,Peat Swamp,5/28/2016,16,20,Fagaceae,Lithocarpus,leptogyne
Nipah Kuning,NK2,NK2/8,Peat Swamp,5/28/2016,37,25,Thymeleaceae,Gonystylus,bancanus
Nipah Kuning,NK2,NK2/8,Peat Swamp,5/28/2016,16,20,Moraceae,Ficus,crassiramea
Nipah Kuning,NK2,NK2/8,Peat Swamp,5/28/2016,30,25,Crypteroniaceae,Dactylocladus,stenostachys
Pulau Kumbang,PK1,PK1/1,Peat Swamp,5/29/2016,22,20,Sapotaceae,Palaquium,rostratum
Pulau Kumbang,PK1,PK1/1,Peat Swamp,5/29/2016,14,10,Polygalaceae,Xanthophyllum,amoenum
Pulau Kumbang,PK1,PK1/1,Peat Swamp,5/29/2016,17,15,Fagaceae,Lithocarpus,leptogyne
Pulau Kumbang,PK1,PK1/1,Peat Swamp,5/29/2016,12,10,Euphorbiaceae,Blumeodendron,tokbrai
Pulau Kumbang,PK1,PK1/1,Peat Swamp,5/29/2016,42,25,Apocynaceae,Dyera,lowii
Pulau Kumbang,PK1,PK1/1,Peat Swamp,5/29/2016,12,,Apocynaceae,Willughbeia,
Pulau Kumbang,PK1,PK1/1,Peat Swamp,5/29/2016,10,15,Fagaceae,Lithocarpus,leptogyne
Pulau Kumbang,PK1,PK1/1,Peat Swamp,5/29/2016,18,20,Dipterocarpaceae,Shorea,ovalis
Pulau Kumbang,PK1,PK1/1,Peat Swamp,5/29/2016,27,15,Fagaceae,Lithocarpus,leptogyne
Pulau Kumbang,PK1,PK1/1,Peat Swamp,5/29/2016,16,10,Fagaceae,Lithocarpus,leptogyne
Pulau Kumbang,PK1,PK1/1,Peat Swamp,5/29/2016,20,25,Celastraceae,Lophopetalum,beccarianum
Pulau Kumbang,PK1,PK1/1,Peat Swamp,5/29/2016,11,10,Stemonuraceae,Stemonurus,secundiflorus
Pulau Kumbang,PK1,PK1/1,Peat Swamp,5/29/2016,18,20,Anacardiaceaae,Campnosperma,coriaceum
Pulau Kumbang,PK1,PK1/1,Peat Swamp,5/29/2016,37,25,Myrtaceae,Syzygium,havilandii
Pulau Kumbang,PK1,PK1/1,Peat Swamp,5/29/2016,17,15,Fagaceae,Lithocarpus,conocarpus
Pulau Kumbang,PK1,PK1/1,Peat Swamp,5/29/2016,12,10,Fagaceae,Lithocarpus,conocarpus
Pulau Kumbang,PK1,PK1/1,Peat Swamp,5/29/2016,14,10,Fagaceae,Lithocarpus,conocarpus
Pulau Kumbang,PK1,PK1/1,Peat Swamp,5/29/2016,29,25,Myrtaceae,Syzygium,chloranthum
Pulau Kumbang,PK1,PK1/1,Peat Swamp,5/29/2016,13,10,Stemonuraceae,Stemonurus,secundiflorus
Pulau Kumbang,PK1,PK1/1,Peat Swamp,5/29/2016,14,10,Stemonuraceae,Stemonurus,secundiflorus
Pulau Kumbang,PK1,PK1/1,Peat Swamp,5/29/2016,21,15,Myrtaceae,Syzygium,havilandii
Pulau Kumbang,PK1,PK1/1,Peat Swamp,5/29/2016,23,15,Ebenaceae,Diospyros,maingayi
Pulau Kumbang,PK1,PK1/1,Peat Swamp,5/29/2016,14,10,Polygalaceae,Xanthophyllum,ellipticum
Pulau Kumbang,PK1,PK1/2,Peat Swamp,5/29/2016,18,15,Tetrameristaceae,Tetramerista,glabra
Pulau Kumbang,PK1,PK1/2,Peat Swamp,5/29/2016,27,25,Phyllanthaceae,Baccaurea,bracteata
Pulau Kumbang,PK1,PK1/2,Peat Swamp,5/29/2016,32,20,Sapotaceae,Palaquium,dasyphyllum
Pulau Kumbang,PK1,PK1/2,Peat Swamp,5/29/2016,14,10,Sapindaceae,Nephelium,maingayi
Pulau Kumbang,PK1,PK1/2,Peat Swamp,5/29/2016,12,15,Sapindaceae,Nephelium,maingayi
Pulau Kumbang,PK1,PK1/2,Peat Swamp,5/29/2016,12,10,Polygalaceae,Xanthophyllum,ellipticum
Pulau Kumbang,PK1,PK1/2,Peat Swamp,5/29/2016,10,5,Aquifoliaceae,Ilex,cymosa
Pulau Kumbang,PK1,PK1/2,Peat Swamp,5/29/2016,16,10,Moraceae,Ficus,
Pulau Kumbang,PK1,PK1/2,Peat Swamp,5/29/2016,10,10,Anacardiaceaae,Campnosperma,coriaceum
Pulau Kumbang,PK1,PK1/2,Peat Swamp,5/29/2016,14,15,Polygalaceae,Xanthophyllum,ellipticum
Pulau Kumbang,PK1,PK1/2,Peat Swamp,5/29/2016,14,10,Sapindaceae,Nephelium,maingayi
Pulau Kumbang,PK1,PK1/3,Peat Swamp,5/29/2016,16,10,Stemonuraceae,Stemonurus,secundiflorus
Pulau Kumbang,PK1,PK1/3,Peat Swamp,5/29/2016,14,10,Fagaceae,Lithocarpus,leptogyne
Pulau Kumbang,PK1,PK1/3,Peat Swamp,5/29/2016,12,15,Fagaceae,Lithocarpus,leptogyne
Pulau Kumbang,PK1,PK1/3,Peat Swamp,5/29/2016,17,15,Clusiaceae,Garcinia,parvifolia
Pulau Kumbang,PK1,PK1/3,Peat Swamp,5/29/2016,15,10,Clusiaceae,Garcinia,parvifolia
Pulau Kumbang,PK1,PK1/3,Peat Swamp,5/29/2016,46,25,Apocynaceae,Dyera,lowii
Pulau Kumbang,PK1,PK1/3,Peat Swamp,5/29/2016,25,20,Dipterocarpaceae,Shorea,leprosula
Pulau Kumbang,PK1,PK1/3,Peat Swamp,5/29/2016,30,25,Polygalaceae,Xanthophyllum,amoenum
Pulau Kumbang,PK1,PK1/3,Peat Swamp,5/29/2016,10,15,Polygalaceae,Xanthophyllum,amoenum
Pulau Kumbang,PK1,PK1/3,Peat Swamp,5/29/2016,16,15,Stemonuraceae,Stemonurus,secundiflorus
Pulau Kumbang,PK1,PK1/3,Peat Swamp,5/29/2016,27,25,Thymeleaceae,Gonystylus,bancanus
Pulau Kumbang,PK1,PK1/3,Peat Swamp,5/29/2016,17,15,Dipterocarpaceae,Shorea,ovalis
Pulau Kumbang,PK1,PK1/3,Peat Swamp,5/29/2016,14,15,Dipterocarpaceae,Shorea,ovalis
Pulau Kumbang,PK1,PK1/3,Peat Swamp,5/29/2016,12,10,Stemonuraceae,Stemonurus,secundiflorus
Pulau Kumbang,PK1,PK1/3,Peat Swamp,5/29/2016,21,20,Tetrameristaceae,Tetramerista,glabra
Pulau Kumbang,PK1,PK1/4,Peat Swamp,5/29/2016,18,20,Lauraceae,Litsea,lancifolia
Pulau Kumbang,PK1,PK1/4,Peat Swamp,5/29/2016,19,15,Polygalaceae,Xanthophyllum,amoenum
Pulau Kumbang,PK1,PK1/4,Peat Swamp,5/29/2016,21,15,Fagaceae,Lithocarpus,leptogyne
Pulau Kumbang,PK1,PK1/4,Peat Swamp,5/29/2016,12,10,Ebenaceae,Diospyros,maingayi
Pulau Kumbang,PK1,PK1/4,Peat Swamp,5/29/2016,14,15,Lauraceae,Litsea,lancifolia
Pulau Kumbang,PK1,PK1/4,Peat Swamp,5/29/2016,18,20,Sapotaceae,Palaquium,rostratum
Pulau Kumbang,PK1,PK1/4,Peat Swamp,5/29/2016,12,10,Clusiaceae,Garcinia,parvifolia
Pulau Kumbang,PK1,PK1/4,Peat Swamp,5/29/2016,14,15,Lauraceae,Litsea,lancifolia
Pulau Kumbang,PK1,PK1/4,Peat Swamp,5/29/2016,10,5,Lauraceae,Litsea,lancifolia
Pulau Kumbang,PK1,PK1/4,Peat Swamp,5/29/2016,14,10,Dipterocarpaceae,Shorea,ovalis
Pulau Kumbang,PK1,PK1/4,Peat Swamp,5/29/2016,16,10,Elaeocarpaceae,Elaeocarpus,stipularis
Pulau Kumbang,PK1,PK1/4,Peat Swamp,5/29/2016,17,15,Fagaceae,Lithocarpus,leptogyne
Pulau Kumbang,PK1,PK1/5,Peat Swamp,5/29/2016,37,25,Myrtaceae,Syzygium,chloranthum
Pulau Kumbang,PK1,PK1/5,Peat Swamp,5/29/2016,27,20,Lauraceae,Litsea,lancifolia
Pulau Kumbang,PK1,PK1/5,Peat Swamp,5/29/2016,15,10,Fagaceae,Lithocarpus,leptogyne
Pulau Kumbang,PK1,PK1/5,Peat Swamp,5/29/2016,12,10,Fagaceae,Lithocarpus,leptogyne
Pulau Kumbang,PK1,PK1/5,Peat Swamp,5/29/2016,23,25,Anacardiaceaae,Campnosperma,coriaceum
Pulau Kumbang,PK1,PK1/5,Peat Swamp,5/29/2016,16,10,Lauraceae,Litsea,lancifolia
Pulau Kumbang,PK1,PK1/5,Peat Swamp,5/29/2016,12,10,Lauraceae,Litsea,lancifolia
Pulau Kumbang,PK1,PK1/5,Peat Swamp,5/29/2016,14,10,Lauraceae,Litsea,lancifolia
Pulau Kumbang,PK1,PK1/5,Peat Swamp,5/29/2016,13,15,Fagaceae,Lithocarpus,leptogyne
Pulau Kumbang,PK1,PK1/5,Peat Swamp,5/29/2016,12,10,Fagaceae,Lithocarpus,leptogyne
Pulau Kumbang,PK1,PK1/5,Peat Swamp,5/29/2016,18,15,Fagaceae,Lithocarpus,leptogyne
Pulau Kumbang,PK1,PK1/5,Peat Swamp,5/29/2016,12,10,Fagaceae,Lithocarpus,leptogyne
Pulau Kumbang,PK1,PK1/5,Peat Swamp,5/29/2016,10,10,Fagaceae,Lithocarpus,leptogyne
Pulau Kumbang,PK1,PK1/7,Peat Swamp,5/29/2016,14,10,Fagaceae,Lithocarpus,leptogyne
Pulau Kumbang,PK1,PK1/7,Peat Swamp,5/29/2016,17,10,Lauraceae,Litsea,lancifolia
Pulau Kumbang,PK1,PK1/7,Peat Swamp,5/29/2016,14,10,Fagaceae,Lithocarpus,leptogyne
Pulau Kumbang,PK1,PK1/7,Peat Swamp,5/29/2016,12,10,Fagaceae,Lithocarpus,leptogyne
Pulau Kumbang,PK1,PK1/7,Peat Swamp,5/29/2016,16,5,Fagaceae,Lithocarpus,leptogyne
Pulau Kumbang,PK1,PK1/7,Peat Swamp,5/29/2016,14,5,Fagaceae,Lithocarpus,leptogyne
Pulau Kumbang,PK1,PK1/7,Peat Swamp,5/29/2016,14,10,Polygalaceae,Xanthophyllum,amoenum
Pulau Kumbang,PK1,PK1/7,Peat Swamp,5/29/2016,12,10,Fagaceae,Lithocarpus,leptogyne
Pulau Kumbang,PK1,PK1/7,Peat Swamp,5/29/2016,18,10,Fagaceae,Lithocarpus,leptogyne
Pulau Kumbang,PK1,PK1/7,Peat Swamp,5/29/2016,16,10,Fagaceae,Lithocarpus,leptogyne
Pulau Kumbang,PK1,PK1/7,Peat Swamp,5/29/2016,10,10,Ebenaceae,Diospyros,maingayi
Pulau Kumbang,PK1,PK1/7,Peat Swamp,5/29/2016,27,20,Polygalaceae,Xanthophyllum,amoenum
Pulau Kumbang,PK1,PK1/7,Peat Swamp,5/29/2016,12,10,Lauraceae,Litsea,lancifolia
Pulau Kumbang,PK1,PK1/7,Peat Swamp,5/29/2016,14,10,Lauraceae,Litsea,lancifolia
Pulau Kumbang,PK1,PK1/7,Peat Swamp,5/29/2016,18,15,Sapotaceae,Palaquium,rostratum
Pulau Kumbang,PK1,PK1/8,Peat Swamp,5/29/2016,14,10,Lauraceae,Litsea,lancifolia
Pulau Kumbang,PK1,PK1/8,Peat Swamp,5/29/2016,11,10,Fagaceae,Lithocarpus,leptogyne
Pulau Kumbang,PK1,PK1/8,Peat Swamp,5/29/2016,18,15,Polygalaceae,Xanthophyllum,amoenum
Pulau Kumbang,PK1,PK1/8,Peat Swamp,5/29/2016,21,15,Tetrameristaceae,Tetramerista,glabra
Pulau Kumbang,PK1,PK1/8,Peat Swamp,5/29/2016,14,10,Fagaceae,Lithocarpus,leptogyne
Pulau Kumbang,PK1,PK1/8,Peat Swamp,5/29/2016,26,20,Polygalaceae,Xanthophyllum,amoenum
Pulau Kumbang,PK1,PK1/8,Peat Swamp,5/29/2016,14,10,Sapotaceae,Palaquium,rostratum
Pulau Kumbang,PK1,PK1/8,Peat Swamp,5/29/2016,10,10,Myrtaceae,Syzygium,havilandii
Pulau Kumbang,PK1,PK1/8,Peat Swamp,5/29/2016,11,10,Calophyllaceae,Calophyllum,pisiferum
Pulau Kumbang,PK1,PK1/9,Peat Swamp,5/29/2016,12,5,Lauraceae,Litsea,lancifolia
Pulau Kumbang,PK1,PK1/9,Peat Swamp,5/29/2016,14,10,Fagaceae,Lithocarpus,leptogyne
Pulau Kumbang,PK1,PK1/9,Peat Swamp,5/29/2016,16,10,Polygalaceae,Xanthophyllum,amoenum
Pulau Kumbang,PK1,PK1/9,Peat Swamp,5/29/2016,12,10,Fagaceae,Lithocarpus,leptogyne
Pulau Kumbang,PK1,PK1/9,Peat Swamp,5/29/2016,10,10,Fagaceae,Lithocarpus,leptogyne
Pulau Kumbang,PK1,PK1/9,Peat Swamp,5/29/2016,20,10,Lauraceae,Litsea,lancifolia
Pulau Kumbang,PK1,PK1/9,Peat Swamp,5/29/2016,23,15,Lauraceae,Litsea,lancifolia
Pulau Kumbang,PK1,PK1/9,Peat Swamp,5/29/2016,12,10,Anacardiaceaae,Campnosperma,coriaceum
Pulau Kumbang,PK1,PK1/9,Peat Swamp,5/29/2016,16,10,Lauraceae,Litsea,lancifolia
Pulau Kumbang,PK1,PK1/10,Peat Swamp,5/29/2016,18,10,Sapotaceae,Palaquium,rostratum
Pulau Kumbang,PK1,PK1/10,Peat Swamp,5/29/2016,12,10,Phyllanthaceae,Aporosa,lucida
Pulau Kumbang,PK1,PK1/10,Peat Swamp,5/29/2016,24,15,Lauraceae,Litsea,lancifolia
Pulau Kumbang,PK1,PK1/10,Peat Swamp,5/29/2016,28,20,Lauraceae,Litsea,lancifolia
Pulau Kumbang,PK1,PK1/10,Peat Swamp,5/29/2016,16,10,Sapotaceae,Palaquium,rostratum
Pulau Kumbang,PK1,PK1/10,Peat Swamp,5/29/2016,17,15,Stemonuraceae,Stemonurus,secundiflorus
Pulau Kumbang,PK1,PK1/10,Peat Swamp,5/29/2016,8,,Apocynaceae,Willughbeia,
Pulau Kumbang,PK1,PK1/10,Peat Swamp,5/29/2016,20,15,Lauraceae,Litsea,lancifolia
Pulau Kumbang,PK1,PK1/10,Peat Swamp,5/29/2016,18,20,Stemonuraceae,Stemonurus,secundiflorus
Pulau Kumbang,PK1,PK1/10,Peat Swamp,5/29/2016,14,15,Ebenaceae,Diospyros,maingayi
Pulau Kumbang,PK1,PK1/10,Peat Swamp,5/29/2016,36,25,Stemonuraceae,Stemonurus,secundiflorus
Pulau Kumbang,PK1,PK1/10,Peat Swamp,5/29/2016,19,20,Ebenaceae,Diospyros,maingayi
Pulau Kumbang,PK1,PK1/10,Peat Swamp,5/29/2016,12,15,Celastraceae,Lophopetalum,beccarianum
Pulau Kumbang,PK1,PK1/10,Peat Swamp,5/29/2016,16,15,Myrtaceae,Syzygium,chloranthum
Pulau Kumbang,PK1,PK1/10,Peat Swamp,5/29/2016,15,15,Polygalaceae,Xanthophyllum,amoenum
Pulau Kumbang,PK1,PK1/10,Peat Swamp,5/29/2016,14,10,Myrtaceae,Syzygium,zeylanicum
Pulau Kumbang,PK1,PK1/10,Peat Swamp,5/29/2016,17,15,Stemonuraceae,Stemonurus,secundiflorus
Pulau Kumbang,PK1,PK1/10,Peat Swamp,5/29/2016,19,15,Stemonuraceae,Stemonurus,secundiflorus
Pulau Kumbang,PK1,PK1/10,Peat Swamp,5/29/2016,12,10,Lauraceae,Litsea,lancifolia
Nipah Kuning,NK3,NK3/1,Peat Swamp,5/31/2016,16,10,Sapindaceae,Nephelium,maingayi
Nipah Kuning,NK3,NK3/1,Peat Swamp,5/31/2016,12,15,Fabaceae,Koompassia,malaccensis
Nipah Kuning,NK3,NK3/1,Peat Swamp,5/31/2016,29,25,Sapotaceae,Palaquium,rostratum
Nipah Kuning,NK3,NK3/2,Peat Swamp,5/31/2016,14,15,Fagaceae,Lithocarpus,conocarpus
Nipah Kuning,NK3,NK3/2,Peat Swamp,5/31/2016,12,10,Euphorbiaceae,Pimelodendron,griffithianum
Nipah Kuning,NK3,NK3/2,Peat Swamp,5/31/2016,14,15,Anacardiaceaae,Gluta,wallichii
Nipah Kuning,NK3,NK3/2,Peat Swamp,5/31/2016,35,25,Meliaceae,Aglaia,rubiginosa
Nipah Kuning,NK3,NK3/2,Peat Swamp,5/31/2016,12,10,Annonaceae,Xylopia,fusca
Nipah Kuning,NK3,NK3/2,Peat Swamp,5/31/2016,18,15,Meliaceae,Aglaia,rubiginosa
Nipah Kuning,NK3,NK3/2,Peat Swamp,5/31/2016,29,20,Euphorbiaceae,Macaranga,depressa
Nipah Kuning,NK3,NK3/2,Peat Swamp,5/31/2016,17,15,Fagaceae,Castanopsis,costata
Nipah Kuning,NK3,NK3/2,Peat Swamp,5/31/2016,12,,Rubiaceae,Uncaria,
Nipah Kuning,NK3,NK3/2,Peat Swamp,5/31/2016,10,,Rubiaceae,Uncaria,
Nipah Kuning,NK3,NK3/2,Peat Swamp,5/31/2016,16,10,Burseraceae,Santiria,oblongifolia
Nipah Kuning,NK3,NK3/2,Peat Swamp,5/31/2016,12,10,Phyllanthaceae,Baccaurea,bracteata
Nipah Kuning,NK3,NK3/2,Peat Swamp,5/31/2016,27,20,Euphorbiaceae,Blumeodendron,tokbrai
Nipah Kuning,NK3,NK3/2,Peat Swamp,5/31/2016,14,10,Lauraceae,Cryptocarya,strictifolia
Nipah Kuning,NK3,NK3/3,Peat Swamp,5/31/2016,34,20,Lauraceae,Nothaphoeboe,coreacea
Nipah Kuning,NK3,NK3/3,Peat Swamp,5/31/2016,12,12,Euphorbiaceae,Blumeodendron,tokbrai
Nipah Kuning,NK3,NK3/3,Peat Swamp,5/31/2016,15,10,Fagaceae,Lithocarpus,conocarpus
Nipah Kuning,NK3,NK3/3,Peat Swamp,5/31/2016,14,10,Lauraceae,Litsea,lancifolia
Nipah Kuning,NK3,NK3/3,Peat Swamp,5/31/2016,21,15,Lauraceae,Nothaphoeboe,coreacea
Nipah Kuning,NK3,NK3/3,Peat Swamp,5/31/2016,12,10,Lauraceae,Litsea,grandis
Nipah Kuning,NK3,NK3/3,Peat Swamp,5/31/2016,22,20,Lauraceae,Cryptocarya,griffithiana
Nipah Kuning,NK3,NK3/3,Peat Swamp,5/31/2016,11,10,Lauraceae,Litsea,lancifolia
Nipah Kuning,NK3,NK3/3,Peat Swamp,5/31/2016,14,10,Myrtaceae,Syzygium,chloranthum
Nipah Kuning,NK3,NK3/3,Peat Swamp,5/31/2016,24,20,Fabaceae,Koompassia,malaccensis
Nipah Kuning,NK3,NK3/3,Peat Swamp,5/31/2016,14,,Rubiaceae,Uncaria,
Nipah Kuning,NK3,NK3/3,Peat Swamp,5/31/2016,15,10,Euphorbiaceae,Macaranga,depressa
Nipah Kuning,NK3,NK3/4,Peat Swamp,5/31/2016,24,20,Lauraceae,Cryptocarya,strictifolia
Nipah Kuning,NK3,NK3/4,Peat Swamp,5/31/2016,36,25,Euphorbiaceae,Macaranga,depressa
Nipah Kuning,NK3,NK3/4,Peat Swamp,5/31/2016,21,20,Sapotaceae,Palaquium,rostratum
Nipah Kuning,NK3,NK3/4,Peat Swamp,5/31/2016,15,10,Fabaceae,Koompassia,malaccensis
Nipah Kuning,NK3,NK3/4,Peat Swamp,5/31/2016,12,10,Euphorbiaceae,Blumeodendron,tokbrai
Nipah Kuning,NK3,NK3/4,Peat Swamp,5/31/2016,10,15,Lauraceae,Nothaphoeboe,coreacea
Nipah Kuning,NK3,NK3/4,Peat Swamp,5/31/2016,18,20,Sapindaceae,Nephelium,maingayi
Nipah Kuning,NK3,NK3/4,Peat Swamp,5/31/2016,15,15,Sapindaceae,Nephelium,maingayi
Nipah Kuning,NK3,NK3/4,Peat Swamp,5/31/2016,24,20,Annonaceae,Xylopia,fusca
Nipah Kuning,NK3,NK3/4,Peat Swamp,5/31/2016,18,15,Fagaceae,Lithocarpus,leptogyne
Nipah Kuning,NK3,NK3/4,Peat Swamp,5/31/2016,26,20,Lauraceae,Litsea,lancifolia
Nipah Kuning,NK3,NK3/4,Peat Swamp,5/31/2016,30,25,Annonaceae,Mezzettia,parvifolia
Nipah Kuning,NK3,NK3/4,Peat Swamp,5/31/2016,27,20,Euphorbiaceae,Macaranga,depressa
Nipah Kuning,NK3,NK3/4,Peat Swamp,5/31/2016,18,10,Meliaceae,Aglaia,rubiginosa
Nipah Kuning,NK3,NK3/4,Peat Swamp,5/31/2016,17,15,Sapindaceae,Nephelium,maingayi
Nipah Kuning,NK3,NK3/5,Peat Swamp,5/31/2016,17,10,Fabaceae,Achidendron,borneense
Nipah Kuning,NK3,NK3/5,Peat Swamp,5/31/2016,16,15,Fabaceae,Achidendron,borneense
Nipah Kuning,NK3,NK3/5,Peat Swamp,5/31/2016,14,10,Meliaceae,Sandoricum,borneense
Nipah Kuning,NK3,NK3/5,Peat Swamp,5/31/2016,21,10,Euphorbiaceae,Macaranga,depressa
Nipah Kuning,NK3,NK3/5,Peat Swamp,5/31/2016,17,15,Meliaceae,Aglaia,rubiginosa
Nipah Kuning,NK3,NK3/5,Peat Swamp,5/31/2016,12,10,Sapotaceae,Madhuca,motleyana
Nipah Kuning,NK3,NK3/6,Peat Swamp,5/31/2016,21,20,Sapotaceae,Madhuca,motleyana
Nipah Kuning,NK3,NK3/6,Peat Swamp,5/31/2016,32,25,Fagaceae,Lithocarpus,conocarpus
Nipah Kuning,NK3,NK3/6,Peat Swamp,5/31/2016,24,20,Euphorbiaceae,Macaranga,depressa
Nipah Kuning,NK3,NK3/6,Peat Swamp,5/31/2016,21,15,Euphorbiaceae,Endospermum,diadenum
Nipah Kuning,NK3,NK3/6,Peat Swamp,5/31/2016,18,15,Moraceae,Ficus,
Nipah Kuning,NK3,NK3/6,Peat Swamp,5/31/2016,14,15,Theaceae,Ternstromia,
Nipah Kuning,NK3,NK3/6,Peat Swamp,5/31/2016,16,10,Sapotaceae,Palaquium,rostratum
Nipah Kuning,NK3,NK3/6,Peat Swamp,5/31/2016,18,15,Annonaceae,Xylopia,fusca
Nipah Kuning,NK3,NK3/6,Peat Swamp,5/31/2016,23,20,Fabaceae,Koompassia,malaccensis
Nipah Kuning,NK3,NK3/6,Peat Swamp,5/31/2016,28,25,Moraceae,Ficus,crassiramea
Nipah Kuning,NK3,NK3/6,Peat Swamp,5/31/2016,24,20,Lauraceae,Litsea,lancifolia
Nipah Kuning,NK3,NK3/6,Peat Swamp,5/31/2016,24,20,Tiliaceae,Pentace,triptera
Nipah Kuning,NK3,NK3/7,Peat Swamp,5/31/2016,38,20,Euphorbiaceae,Macaranga,depressa
Nipah Kuning,NK3,NK3/7,Peat Swamp,5/31/2016,14,20,Annonaceae,Xylopia,fusca
Nipah Kuning,NK3,NK3/7,Peat Swamp,5/31/2016,28,20,Euphorbiaceae,Macaranga,depressa
Nipah Kuning,NK3,NK3/7,Peat Swamp,5/31/2016,17,15,Euphorbiaceae,Blumeodendron,tokbrai
Nipah Kuning,NK3,NK3/7,Peat Swamp,5/31/2016,39,25,Euphorbiaceae,Macaranga,depressa
Nipah Kuning,NK3,NK3/7,Peat Swamp,5/31/2016,12,10,Euphorbiaceae,Neoscortechinia,kingii
Nipah Kuning,NK3,NK3/7,Peat Swamp,5/31/2016,15,10,Burseraceae,Dacryodes,rugosa
Nipah Kuning,NK3,NK3/7,Peat Swamp,5/31/2016,22,20,Euphorbiaceae,Macaranga,depressa
Nipah Kuning,NK3,NK3/7,Peat Swamp,5/31/2016,21,15,Euphorbiaceae,Macaranga,depressa
Nipah Kuning,NK3,NK3/7,Peat Swamp,5/31/2016,16,20,Fagaceae,Lithocarpus,conocarpus
Nipah Kuning,NK3,NK3/7,Peat Swamp,5/31/2016,10,15,Lauraceae,Litsea,lancifolia
Nipah Kuning,NK3,NK3/7,Peat Swamp,5/31/2016,40,20,Euphorbiaceae,Macaranga,depressa
Nipah Kuning,NK3,NK3/7,Peat Swamp,5/31/2016,26,20,Euphorbiaceae,Macaranga,depressa
Nipah Kuning,NK3,NK3/7,Peat Swamp,5/31/2016,24,20,Euphorbiaceae,Macaranga,depressa
Nipah Kuning,NK3,NK3/7,Peat Swamp,5/31/2016,12,10,Annonaceae,Xylopia,fusca
Nipah Kuning,NK3,NK3/7,Peat Swamp,5/31/2016,11,10,Annonaceae,Xylopia,fusca
Nipah Kuning,NK3,NK3/7,Peat Swamp,5/31/2016,28,20,Annonaceae,Xylopia,fusca
Nipah Kuning,NK3,NK3/8,Peat Swamp,5/31/2016,16,20,Ebenaceae,Diospyros,siamang
Nipah Kuning,NK3,NK3/8,Peat Swamp,5/31/2016,20,25,Euphorbiaceae,Blumeodendron,tokbrai
Nipah Kuning,NK3,NK3/8,Peat Swamp,5/31/2016,24,20,Euphorbiaceae,Macaranga,depressa
Nipah Kuning,NK3,NK3/8,Peat Swamp,5/31/2016,31,20,Euphorbiaceae,Macaranga,depressa
Nipah Kuning,NK3,NK3/8,Peat Swamp,5/31/2016,10,20,Euphorbiaceae,Macaranga,depressa
Nipah Kuning,NK3,NK3/8,Peat Swamp,5/31/2016,27,25,Euphorbiaceae,Macaranga,depressa
Nipah Kuning,NK3,NK3/8,Peat Swamp,5/31/2016,18,10,Euphorbiaceae,Macaranga,depressa
Nipah Kuning,NK3,NK3/8,Peat Swamp,5/31/2016,21,15,Euphorbiaceae,Macaranga,depressa
Nipah Kuning,NK3,NK3/8,Peat Swamp,5/31/2016,27,20,Euphorbiaceae,Macaranga,depressa
Nipah Kuning,NK3,NK3/8,Peat Swamp,5/31/2016,12,10,Anacardiaceaae,Bouea,oppositifolia
Nipah Kuning,NK3,NK3/8,Peat Swamp,5/31/2016,16,10,Lauraceae,Litsea,lancifolia
Nipah Kuning,NK3,NK3/8,Peat Swamp,5/31/2016,23,20,Annonaceae,Xylopia,fusca
Nipah Kuning,NK3,NK3/9,Peat Swamp,5/31/2016,10,18,Euphorbiaceae,Neoscortechinia,kingii
Nipah Kuning,NK3,NK3/9,Peat Swamp,5/31/2016,24,20,Euphorbiaceae,Macaranga,depressa
Nipah Kuning,NK3,NK3/9,Peat Swamp,5/31/2016,26,25,Euphorbiaceae,Macaranga,depressa
Nipah Kuning,NK3,NK3/9,Peat Swamp,5/31/2016,14,10,Anacardiaceaae,Bouea,oppositifolia
Nipah Kuning,NK3,NK3/9,Peat Swamp,5/31/2016,36,20,Euphorbiaceae,Macaranga,depressa
Nipah Kuning,NK3,NK3/9,Peat Swamp,5/31/2016,24,20,Sapotaceae,Palaquium,cochleariifolium
Nipah Kuning,NK3,NK3/9,Peat Swamp,5/31/2016,18,25,Myrtaceae,Syzygium,chloranthum
Nipah Kuning,NK3,NK3/9,Peat Swamp,5/31/2016,26,20,Sapotaceae,Madhuca,motleyana
Nipah Kuning,NK3,NK3/9,Peat Swamp,5/31/2016,18,15,Sapotaceae,Madhuca,motleyana
Nipah Kuning,NK3,NK3/9,Peat Swamp,5/31/2016,14,20,Myrtaceae,Syzygium,havilandii
Nipah Kuning,NK3,NK3/9,Peat Swamp,5/31/2016,28,25,Euphorbiaceae,Macaranga,depressa
Nipah Kuning,NK3,NK3/9,Peat Swamp,5/31/2016,20,15,Fagaceae,Lithocarpus,conocarpus
Nipah Kuning,NK3,NK3/9,Peat Swamp,5/31/2016,11,10,Euphorbiaceae,Blumeodendron,tokbrai
Nipah Kuning,NK3,NK3/10,Peat Swamp,5/31/2016,16,10,Euphorbiaceae,Macaranga,depressa
Nipah Kuning,NK3,NK3/10,Peat Swamp,5/31/2016,23,20,Euphorbiaceae,Macaranga,depressa
Nipah Kuning,NK3,NK3/10,Peat Swamp,5/31/2016,21,25,Sapotaceae,Palaquium,dasyphyllum
Nipah Kuning,NK3,NK3/10,Peat Swamp,5/31/2016,20,20,Meliaceae,Aglaia,rubiginosa
Nipah Kuning,NK3,NK3/10,Peat Swamp,5/31/2016,18,15,Meliaceae,Sandoricum,borneense
Nipah Kuning,NK3,NK3/10,Peat Swamp,5/31/2016,15,20,Myrtaceae,Syzygium,havilandii
Nipah Kuning,NK3,NK3/10,Peat Swamp,5/31/2016,18,20,Euphorbiaceae,Macaranga,depressa
Nipah Kuning,NK3,NK3/10,Peat Swamp,5/31/2016,17,15,Euphorbiaceae,Macaranga,depressa
Nipah Kuning,NK3,NK3/10,Peat Swamp,5/31/2016,10,15,Sapotaceae,Madhuca,motleyana
Nipah Kuning,NK3,NK3/10,Peat Swamp,5/31/2016,20,15,Sapotaceae,Madhuca,motleyana
Nipah Kuning,NK3,NK3/10,Peat Swamp,5/31/2016,17,20,Meliaceae,Sandoricum,borneense
Nipah Kuning,NK3,NK3/10,Peat Swamp,5/31/2016,18,15,Lauraceae,Cryptocarya,densiflora
Nipah Kuning,NK3,NK3/10,Peat Swamp,5/31/2016,22,20,Euphorbiaceae,Blumeodendron,tokbrai
