Location,Transect ID,Plot ID,Habitat,Date,DBH,Tree Height,Family,Genus,Species,Year
Padu Banjar,PB2,PB2/5,Peat Swamp,42509,10,18,Lauraceae,Cryptocarya,griffithiana,2016
Padu Banjar,PB2,PB2/5,Peat Swamp,42509,10,12,Stemonuraceae,Stemonurus,secundiflorus,2016
Padu Banjar,PB2,PB2/5,Peat Swamp,42509,15,14,Euphorbiaceae,Macaranga,depressa,2016
Padu Banjar,PB2,PB2/6,Peat Swamp,42509,35,30,Apocynaceae,Dyera,lowii,2016
Padu Banjar,PB2,PB2/6,Peat Swamp,42509,15,18,Myrtaceae,Syzygium,chloranthum,2016
Padu Banjar,PB2,PB2/6,Peat Swamp,42509,17,10,Stemonuraceae,Stemonurus,secundiflorus,2016
Padu Banjar,PB2,PB2/6,Peat Swamp,42509,21,15,Lecythidaceae,Barringtonia,Macrostachya,2016
Padu Banjar,PB2,PB2/6,Peat Swamp,42509,45,30,Fabaceae,Koompassia,malaccensis,2016
Padu Banjar,PB2,PB2/6,Peat Swamp,42509,17,15,Dipterocarpaceae,Shorea,ovalis,2016
Padu Banjar,PB2,PB2/6,Peat Swamp,42509,15,20,Clusiaceae,Garcinia,parvifolia,2016
Padu Banjar,PB2,PB2/6,Peat Swamp,42509,10,10,Thymeleaceae,Gonystylus,bancanus,2016
Padu Banjar,PB2,PB2/6,Peat Swamp,42509,31,20,Sapotaceae,Palaquium,rostratum,2016
Padu Banjar,PB2,PB2/7,Peat Swamp,42509,29,20,Euphorbiaceae,Macaranga,depressa,2016
Padu Banjar,PB2,PB2/7,Peat Swamp,42509,17,15,Stemonuraceae,Stemonurus,secundiflorus,2016
Padu Banjar,PB2,PB2/7,Peat Swamp,42509,10,10,Stemonuraceae,Stemonurus,secundiflorus,2016
Padu Banjar,PB2,PB2/7,Peat Swamp,42509,21,20,Myrtaceae,Syzygium,chloranthum,2016
Padu Banjar,PB2,PB2/7,Peat Swamp,42509,14,15,Lauraceae,Litsea,,2016
Padu Banjar,PB2,PB2/7,Peat Swamp,42509,12,10,Stemonuraceae,Stemonurus,secundiflorus,2016
Padu Banjar,PB2,PB2/7,Peat Swamp,42509,25,20,Lauraceae,Beilschmiedia,kunstleri,2016
Padu Banjar,PB2,PB2/7,Peat Swamp,42509,17,15,Myrtaceae,Syzygium,chloranthum,2016
Padu Banjar,PB2,PB2/7,Peat Swamp,42509,27,20,Fagaceae,Lithocarpus,conocarpus,2016
Padu Banjar,PB2,PB2/7,Peat Swamp,42509,30,25,Myristicaceae,Gymnacranthera,farquhariana,2016
Padu Banjar,PB2,PB2/7,Peat Swamp,42509,35,25,Fabaceae,Koompassia,malaccensis,2016
Padu Banjar,PB2,PB2/7,Peat Swamp,42509,12,10,Phyllanthaceae,Baccaurea,bracteata,2016
Padu Banjar,PB2,PB2/7,Peat Swamp,42509,32,20,Euphorbiaceae,Macaranga,depressa,2016
Padu Banjar,PB2,PB2/7,Peat Swamp,42509,38,22,Euphorbiaceae,Macaranga,depressa,2016
Padu Banjar,PB2,PB2/7,Peat Swamp,42509,15,20,Euphorbiaceae,Endospermum,diadenum,2016
Padu Banjar,PB2,PB2/7,Peat Swamp,42509,18,15,Annonaceae,Polyalthia,sumatrana,2016
Padu Banjar,PB2,PB2/7,Peat Swamp,42509,24,25,Fabaceae,Koompassia,malaccensis,2016
Padu Banjar,PB2,PB2/8,Peat Swamp,42509,10,10,Burseraceae,Santiria,oblongifolia,2016
Padu Banjar,PB2,PB2/8,Peat Swamp,42509,12,12,Sapindaceae,Nephelium,maingayi,2016
Padu Banjar,PB2,PB2/8,Peat Swamp,42509,15,10,Rutaceae,Melicope,,2016
Padu Banjar,PB2,PB2/8,Peat Swamp,42509,29,20,Lauraceae,Cryptocarya,griffithiana,2016
Padu Banjar,PB2,PB2/8,Peat Swamp,42509,25,30,Fabaceae,Koompassia,malaccensis,2016
Padu Banjar,PB2,PB2/8,Peat Swamp,42509,27,25,Fabaceae,Koompassia,malaccensis,2016
Padu Banjar,PB2,PB2/8,Peat Swamp,42509,22,27,Burseraceae,Dacryodes,rugosa,2016
Padu Banjar,PB2,PB2/8,Peat Swamp,42509,20,25,Euphorbiaceae,Endospermum,diadenum,2016
Padu Banjar,PB2,PB2/8,Peat Swamp,42509,27,30,Fabaceae,Koompassia,malaccensis,2016
Padu Banjar,PB2,PB2/8,Peat Swamp,42509,33,25,Apocynaceae,Dyera,lowii,2016
Padu Banjar,PB2,PB2/8,Peat Swamp,42509,14,15,Myrtaceae,Syzygium,stapfianum,2016
Padu Banjar,PB2,PB2/8,Peat Swamp,42509,12,15,Euphorbiaceae,Endospermum,diadenum,2016
Padu Banjar,PB2,PB2/8,Peat Swamp,42509,14,10,Euphorbiaceae,Endospermum,diadenum,2016
Padu Banjar,PB2,PB2/8,Peat Swamp,42509,,,Pandanaceae,Pandanus,tectorius,2016
Padu Banjar,PB2,PB2/9,Peat Swamp,42509,28,20,Lauraceae,Beilschmiedia,kunstleri,2016
Padu Banjar,PB2,PB2/9,Peat Swamp,42509,34,25,Chrysobalanaceae,Licania,splendens,2016
Padu Banjar,PB2,PB2/9,Peat Swamp,42509,29,20,Annonaceae,Mezzettia,parviflora,2016
Padu Banjar,PB2,PB2/9,Peat Swamp,42509,15,15,Lauraceae,Litsea,lancifolia,2016
Padu Banjar,PB2,PB2/9,Peat Swamp,42509,21,20,Calophyllaceae,Calophyllum,pisiferum,2016
Padu Banjar,PB2,PB2/9,Peat Swamp,42509,28,20,Chrysobalanaceae,Licania,splendens,2016
Padu Banjar,PB2,PB2/9,Peat Swamp,42509,33,25,Lauraceae,Cryptocarya,griffithiana,2016
Padu Banjar,PB2,PB2/9,Peat Swamp,42509,25,15,Fabaceae,Koompassia,malaccensis,2016
Padu Banjar,PB2,PB2/9,Peat Swamp,42509,12,10,Lauraceae,Litsea,firma,2016
Padu Banjar,PB2,PB2/10,Peat Swamp,42509,12,15,Elaeocarpaceae,Elaeocarpus,stipularis,2016
Padu Banjar,PB2,PB2/10,Peat Swamp,42509,14,10,Elaeocarpaceae,Elaeocarpus,stipularis,2016
Padu Banjar,PB2,PB2/10,Peat Swamp,42509,16,10,Chrysobalanaceae,Licania,splendens,2016
Padu Banjar,PB2,PB2/10,Peat Swamp,42509,12,10,Melastomataceae,Memecylon,edule,2016
Padu Banjar,PB2,PB2/10,Peat Swamp,42509,21,15,Lauraceae,Litsea,firma,2016
Padu Banjar,PB2,PB2/10,Peat Swamp,42509,18,10,Elaeocarpaceae,Elaeocarpus,stipularis,2016
Padu Banjar,PB2,PB2/10,Peat Swamp,42509,16,15,Elaeocarpaceae,Elaeocarpus,stipularis,2016
Padu Banjar,PB2,PB2/10,Peat Swamp,42509,14,10,Elaeocarpaceae,Elaeocarpus,stipularis,2016
Padu Banjar,PB2,PB2/10,Peat Swamp,42509,16,15,Fabaceae,,,2016
Padu Banjar,PB3,PB3/8,Peat Swamp,42510,24,16,Meliaceae,Sandoricum,borneense,2016
Padu Banjar,PB3,PB3/8,Peat Swamp,42510,15,10,Meliaceae,Aglaia,rubiginosa,2016
Padu Banjar,PB3,PB3/8,Peat Swamp,42510,32,20,Calophyllaceae,Calophyllum,pisiferum,2016
Padu Banjar,PB3,PB3/8,Peat Swamp,42510,18,15,Phyllanthaceae,Baccaurea,bracteata,2016
Padu Banjar,PB3,PB3/8,Peat Swamp,42510,12,10,Euphorbiaceae,Endospermum,diadenum,2016
Padu Banjar,PB3,PB3/8,Peat Swamp,42510,21,20,Euphorbiaceae,Endospermum,diadenum,2016
Padu Banjar,PB3,PB3/8,Peat Swamp,42510,29,25,Euphorbiaceae,Endospermum,diadenum,2016
Padu Banjar,PB3,PB3/8,Peat Swamp,42510,18,20,Anacardiaceaae,Campnosperma,coriaceum,2016
Padu Banjar,PB3,PB3/8,Peat Swamp,42510,36,25,Euphorbiaceae,Macaranga,depressa,2016
Padu Banjar,PB3,PB3/8,Peat Swamp,42510,23,20,Euphorbiaceae,Endospermum,diadenum,2016
Padu Banjar,PB3,PB3/8,Peat Swamp,42510,19,15,Phyllanthaceae,Baccaurea,bracteata,2016
Padu Banjar,PB3,PB3/8,Peat Swamp,42510,17,15,Anacardiaceaae,Koordersiodendron,pinnatum,2016
Padu Banjar,PB3,PB3/8,Peat Swamp,42510,37,30,Meliaceae,Aglaia,rubiginosa,2016
Padu Banjar,PB3,PB3/8,Peat Swamp,42510,17,15,Dipterocarpaceae,Shorea,ovalis,2016
Padu Banjar,PB3,PB3/8,Peat Swamp,42510,27,25,Lauraceae,Litsea,firma,2016
Padu Banjar,PB3,PB3/8,Peat Swamp,42510,29,20,Lauraceae,Litsea,firma,2016
Padu Banjar,PB3,PB3/8,Peat Swamp,42510,29,20,Sapotaceae,Madhuca,motleyana,2016
Padu Banjar,PB3,PB3/8,Peat Swamp,42510,27,20,Ebenaceae,Diospyros,maingayi,2016
Padu Banjar,PB3,PB3/8,Peat Swamp,42510,17,10,Lauraceae,Litsea,firma,2016
Padu Banjar,PB3,PB3/9,Peat Swamp,42510,10,10,Euphorbiaceae,Macaranga,depressa,2016
Padu Banjar,PB3,PB3/9,Peat Swamp,42510,27,25,Euphorbiaceae,Macaranga,pruinosa,2016
Padu Banjar,PB3,PB3/9,Peat Swamp,42510,16,15,Sapindaceae,Nephelium,maingayi,2016
Padu Banjar,PB3,PB3/9,Peat Swamp,42510,14,10,Sapindaceae,Nephelium,maingayi,2016
Padu Banjar,PB3,PB3/9,Peat Swamp,42510,26,20,Euphorbiaceae,Macaranga,pruinosa,2016
Padu Banjar,PB3,PB3/9,Peat Swamp,42510,12,,Annonaceae,Artobotrys,,2016
Padu Banjar,PB3,PB3/9,Peat Swamp,42510,29,25,Euphorbiaceae,Macaranga,pruinosa,2016
Padu Banjar,PB3,PB3/9,Peat Swamp,42510,27,20,Chrysobalanaceae,Licania,splendens,2016
Padu Banjar,PB3,PB3/9,Peat Swamp,42510,25,15,Phyllanthaceae,Baccaurea,bracteata,2016
Padu Banjar,PB3,PB3/9,Peat Swamp,42510,17,15,Phyllanthaceae,Baccaurea,macrocarpa,2016
Padu Banjar,PB3,PB3/9,Peat Swamp,42510,21,20,Lauraceae,Litsea,lancifolia,2016
Padu Banjar,PB3,PB3/9,Peat Swamp,42510,14,10,Euphorbiaceae,Macaranga,pruinosa,2016
Padu Banjar,PB3,PB3/9,Peat Swamp,42510,12,10,Sapotaceae,Palaquium,rostratum,2016
Padu Banjar,PB3,PB3/9,Peat Swamp,42510,24,15,Sapotaceae,Palaquium,rostratum,2016
Padu Banjar,PB3,PB3/9,Peat Swamp,42510,21,15,Euphorbiaceae,Macaranga,depressa,2016
Padu Banjar,PB3,PB3/9,Peat Swamp,42510,14,10,Anacardiaceaae,Melanochyla,,2016
Padu Banjar,PB3,PB3/10,Peat Swamp,42510,10,10,Myrtaceae,Syzygium,chloranthum,2016
Padu Banjar,PB3,PB3/10,Peat Swamp,42510,12,10,Euphorbiaceae,Macaranga,depressa,2016
Padu Banjar,PB3,PB3/10,Peat Swamp,42510,29,25,Sapindaceae,Nephelium,maingayi,2016
Padu Banjar,PB3,PB3/10,Peat Swamp,42510,17,15,Myristicaceae,Horsfieldia,crassifolia,2016
Padu Banjar,PB3,PB3/10,Peat Swamp,42510,16,15,Myrtaceae,Syzygium,chloranthum,2016
Padu Banjar,PB3,PB3/10,Peat Swamp,42510,27,20,Apocynaceae,Alstonia,scholaris,2016
Padu Banjar,PB3,PB3/10,Peat Swamp,42510,21,15,Stemonuraceae,Stemonurus,secundiflorus,2016
Padu Banjar,PB3,PB3/10,Peat Swamp,42510,24,21,Myrtaceae,Syzygium,havilandii,2016
Padu Banjar,PB3,PB3/10,Peat Swamp,42510,12,10,Anacardiaceaae,Bouea,oppositifolia,2016
Padu Banjar,PB3,PB3/10,Peat Swamp,42510,14,10,Myrtaceae,Syzygium,chloranthum,2016
Padu Banjar,PB3,PB3/10,Peat Swamp,42510,17,15,Aquifoliaceae,Ilex,cymosa,2016
Padu Banjar,PB3,PB3/10,Peat Swamp,42510,16,10,Lauraceae,Litsea,lancifolia,2016
Padu Banjar,PB3,PB3/10,Peat Swamp,42510,19,15,Lauraceae,Litsea,lancifolia,2016
Padu Banjar,PB3,PB3/10,Peat Swamp,42510,14,15,Rubiaceae,Nauclea,subdita,2016
Padu Banjar,PB3,PB3/10,Peat Swamp,42510,29,20,Lauraceae,Litsea,lancifolia,2016
Padu Banjar,PB3,PB3/10,Peat Swamp,42510,25,20,Sapotaceae,Madhuca,motleyana,2016
Padu Banjar,PB3,PB3/10,Peat Swamp,42510,12,10,Anacardiaceaae,Campnosperma,coriaceum,2016
Padu Banjar,PB3,PB3/10,Peat Swamp,42510,14,10,Sapindaceae,Nephelium,maingayi,2016
Padu Banjar,PB3,PB3/10,Peat Swamp,42510,21,15,Apocynaceae,Alstonia,scholaris,2016
Padu Banjar,PB4,PB4/1,Peat Swamp,42513,10,5,Aquifoliaceae,Ilex,cymosa,2016
Padu Banjar,PB4,PB4/1,Peat Swamp,42513,20,15,Apocynaceae,Alstonia,scholaris,2016
Padu Banjar,PB4,PB4/1,Peat Swamp,42513,10,10,Myrtaceae,Syzygium,chloranthum,2016
Padu Banjar,PB4,PB4/1,Peat Swamp,42513,25,15,Euphorbiaceae,Macaranga,depressa,2016
Padu Banjar,PB5,PB5/3,Peat Swamp,42514,14,10,Stemonuraceae,Stemonurus,secundiflorus,2016
Padu Banjar,PB5,PB5/3,Peat Swamp,42514,23,15,Lauraceae,Litsea,lancifolia,2016
Padu Banjar,PB5,PB5/3,Peat Swamp,42514,16,20,Dipterocarpaceae,Shorea,leprosula,2016
Padu Banjar,PB5,PB5/3,Peat Swamp,42514,17,5,Sapotaceae,Palaquium,rostratum,2016
Padu Banjar,PB5,PB5/3,Peat Swamp,42514,18,10,Sterculiaceae,Scaphium,macropodum,2016
Padu Banjar,PB5,PB5/3,Peat Swamp,42514,12,15,Combretaceae,Combretocarpus,rotundotus,2016
Padu Banjar,PB5,PB5/3,Peat Swamp,42514,30,20,Lauraceae,Litsea,lancifolia,2016
Padu Banjar,PB5,PB5/3,Peat Swamp,42514,12,10,Lamiaceae,Vitex,pubescens,2016
Padu Banjar,PB5,PB5/3,Peat Swamp,42514,30,20,Lauraceae,Litsea,lancifolia,2016
Padu Banjar,PB5,PB5/3,Peat Swamp,42514,10,10,Stemonuraceae,Stemonurus,secundiflorus,2016
Padu Banjar,PB5,PB5/3,Peat Swamp,42514,17,15,Combretaceae,Combretocarpus,rotundotus,2016
Padu Banjar,PB5,PB5/3,Peat Swamp,42514,27,20,Lauraceae,Litsea,lancifolia,2016
Padu Banjar,PB5,PB5/4,Peat Swamp,42514,17,15,Sapotaceae,Palaquium,rostratum,2016
Padu Banjar,PB5,PB5/4,Peat Swamp,42514,15,10,Stemonuraceae,Stemonurus,secundiflorus,2016
Padu Banjar,PB5,PB5/4,Peat Swamp,42514,14,10,Stemonuraceae,Stemonurus,secundiflorus,2016
Padu Banjar,PB5,PB5/4,Peat Swamp,42514,27,25,Clusiaceae,Garcinia,parvifolia,2016
Padu Banjar,PB5,PB5/4,Peat Swamp,42514,25,20,Myrtaceae,Syzygium,zeylanicum,2016
Padu Banjar,PB5,PB5/4,Peat Swamp,42514,19,15,Sapotaceae,Palaquium,pseudocuneatum,2016
Padu Banjar,PB5,PB5/4,Peat Swamp,42514,14,10,Myrtaceae,Syzygium,chloranthum,2016
Padu Banjar,PB5,PB5/4,Peat Swamp,42514,16,15,Myrtaceae,Syzygium,chloranthum,2016
Padu Banjar,PB5,PB5/4,Peat Swamp,42514,17,15,Sapotaceae,Palaquium,pseudocuneatum,2016
Padu Banjar,PB5,PB5/4,Peat Swamp,42514,22,25,Sapotaceae,Palaquium,laeocarpum,2016
Padu Banjar,PB5,PB5/4,Peat Swamp,42514,24,20,Sapotaceae,Palaquium,laeocarpum,2016
Padu Banjar,PB5,PB5/4,Peat Swamp,42514,14,20,Crypteroniaceae,Dactylocladus,stenostachys,2016
Padu Banjar,PB5,PB5/4,Peat Swamp,42514,23,15,Myrtaceae,Syzygium,longiflorum,2016
Padu Banjar,PB5,PB5/4,Peat Swamp,42514,17,15,Lauraceae,Litsea,lancifolia,2016
Padu Banjar,PB5,PB5/4,Peat Swamp,42514,27,20,Sapotaceae,Palaquium,laeocarpum,2016
Padu Banjar,PB5,PB5/4,Peat Swamp,42514,32,25,Myrtaceae,Syzygium,chloranthum,2016
Padu Banjar,PB5,PB5/4,Peat Swamp,42514,16,15,Stemonuraceae,Stemonurus,secundiflorus,2016
Padu Banjar,PB5,PB5/4,Peat Swamp,42514,27,20,Ebenaceae,Diospyros,siamang,2016
Padu Banjar,PB5,PB5/5,Peat Swamp,42514,19,15,Lauraceae,Litsea,lancifolia,2016
Padu Banjar,PB5,PB5/5,Peat Swamp,42514,36,25,Myrtaceae,Syzygium,chloranthum,2016
Padu Banjar,PB5,PB5/5,Peat Swamp,42514,17,15,Stemonuraceae,Stemonurus,secundiflorus,2016
Padu Banjar,PB5,PB5/5,Peat Swamp,42514,18,15,Lauraceae,Litsea,lancifolia,2016
Padu Banjar,PB5,PB5/5,Peat Swamp,42514,27,20,Aquifoliaceae,Ilex,cymosa,2016
Padu Banjar,PB5,PB5/5,Peat Swamp,42514,21,15,Phyllanthaceae,Baccaurea,bracteata,2016
Padu Banjar,PB5,PB5/5,Peat Swamp,42514,16,10,Crypteroniaceae,Dactylocladus,stenostachys,2016
Padu Banjar,PB5,PB5/5,Peat Swamp,42514,12,10,Moraceae,Artocarpus,,2016
Padu Banjar,PB5,PB5/5,Peat Swamp,42514,19,15,Sapotaceae,Palaquium,pseudocuneatum,2016
Padu Banjar,PB5,PB5/5,Peat Swamp,42514,27,15,Lauraceae,Litsea,lancifolia,2016
Padu Banjar,PB5,PB5/5,Peat Swamp,42514,17,20,Sapindaceae,Nephelium,maingayi,2016
Padu Banjar,PB5,PB5/5,Peat Swamp,42514,21,25,Sapindaceae,Nephelium,maingayi,2016
Padu Banjar,PB5,PB5/5,Peat Swamp,42514,23,20,Apocynaceae,Dyera,lowii,2016
Padu Banjar,PB5,PB5/5,Peat Swamp,42514,18,15,Myrtaceae,Syzygium,longiflorum,2016
Padu Banjar,PB5,PB5/5,Peat Swamp,42514,21,20,Lauraceae,Cryptocarya,strictifolia,2016
Padu Banjar,PB5,PB5/6,Peat Swamp,42514,17,20,Sapotaceae,Palaquium,rostratum,2016
Padu Banjar,PB5,PB5/6,Peat Swamp,42514,21,20,Sapotaceae,Palaquium,rostratum,2016
Padu Banjar,PB5,PB5/6,Peat Swamp,42514,20,25,Myrtaceae,Syzygium,longiflorum,2016
Padu Banjar,PB5,PB5/6,Peat Swamp,42514,17,15,Sapindaceae,Nephelium,maingayi,2016
Padu Banjar,PB5,PB5/6,Peat Swamp,42514,12,10,Lauraceae,Litsea,lancifolia,2016
Padu Banjar,PB5,PB5/6,Peat Swamp,42514,20,25,Lauraceae,Litsea,lancifolia,2016
Padu Banjar,PB5,PB5/6,Peat Swamp,42514,32,25,Lauraceae,Litsea,lancifolia,2016
Padu Banjar,PB5,PB5/6,Peat Swamp,42514,27,20,Myristicaceae,Horsfieldia,grandis,2016
Padu Banjar,PB5,PB5/6,Peat Swamp,42514,21,25,Sapotaceae,Palaquium,pseudocuneatum,2016
Padu Banjar,PB5,PB5/6,Peat Swamp,42514,23,20,Lauraceae,Litsea,lancifolia,2016
Padu Banjar,PB5,PB5/6,Peat Swamp,42514,27,15,Lauraceae,Litsea,lancifolia,2016
Padu Banjar,PB5,PB5/6,Peat Swamp,42514,20,15,Lauraceae,Litsea,lancifolia,2016
Padu Banjar,PB5,PB5/6,Peat Swamp,42514,14,10,Myrtaceae,Syzygium,chloranthum,2016
Padu Banjar,PB5,PB5/6,Peat Swamp,42514,37,25,Chrysobalanaceae,Licania,splendens,2016
Padu Banjar,PB5,PB5/6,Peat Swamp,42514,14,15,Calophyllaceae,Calophyllum,pisiferum,2016
Padu Banjar,PB5,PB5/6,Peat Swamp,42514,14,15,Calophyllaceae,Calophyllum,inophyllum,2016
Padu Banjar,PB5,PB5/6,Peat Swamp,42514,18,20,Dipterocarpaceae,Shorea,ovalis,2016
Padu Banjar,PB5,PB5/6,Peat Swamp,42514,17,15,Rubiaceae,Nauclea,subdita,2016
Padu Banjar,PB5,PB5/6,Peat Swamp,42514,35,25,Myrtaceae,Syzygium,chloranthum,2016
Padu Banjar,PB5,PB5/6,Peat Swamp,42514,8,,Apocynaceae,Willughbeia,,2016
Padu Banjar,PB5,PB5/6,Peat Swamp,42514,6,,Rubiaceae,Uncaria,,2016
Padu Banjar,PB5,PB5/7,Peat Swamp,42514,30,20,Myrtaceae,Syzygium,chloranthum,2016
Padu Banjar,PB5,PB5/7,Peat Swamp,42514,12,10,Polygalaceae,Xanthophyllum,amoenum,2016
Padu Banjar,PB5,PB5/7,Peat Swamp,42514,27,25,Dipterocarpaceae,Shorea,,2016
Padu Banjar,PB5,PB5/7,Peat Swamp,42514,19,20,Myrtaceae,Syzygium,chloranthum,2016
Padu Banjar,PB5,PB5/7,Peat Swamp,42514,27,25,Lauraceae,Litsea,lancifolia,2016
Padu Banjar,PB5,PB5/7,Peat Swamp,42514,24,20,Lauraceae,Litsea,lancifolia,2016
Padu Banjar,PB5,PB5/7,Peat Swamp,42514,14,10,Lauraceae,Litsea,lancifolia,2016
Padu Banjar,PB5,PB5/7,Peat Swamp,42514,32,25,Ebenaceae,Diospyros,siamang,2016
Padu Banjar,PB5,PB5/7,Peat Swamp,42514,27,20,Ebenaceae,Diospyros,siamang,2016
Padu Banjar,PB5,PB5/7,Peat Swamp,42514,28,25,Lauraceae,Litsea,lancifolia,2016
Padu Banjar,PB5,PB5/7,Peat Swamp,42514,16,20,Myrtaceae,Syzygium,chloranthum,2016
Padu Banjar,PB5,PB5/7,Peat Swamp,42514,14,15,Clusiaceae,Garcinia,parvifolia,2016
Padu Banjar,PB5,PB5/7,Peat Swamp,42514,12,10,Crypteroniaceae,Dactylocladus,stenostachys,2016
Padu Banjar,PB5,PB5/7,Peat Swamp,42514,11,10,Stemonuraceae,Stemonurus,secundiflorus,2016
Padu Banjar,PB5,PB5/7,Peat Swamp,42514,14,15,Ebenaceae,Diospyros,areolata,2016
Padu Banjar,PB5,PB5/7,Peat Swamp,42514,12,,Rubiaceae,Uncaria,,2016
Padu Banjar,PB5,PB5/7,Peat Swamp,42514,14,10,Stemonuraceae,Stemonurus,secundiflorus,2016
Padu Banjar,PB5,PB5/8,Peat Swamp,42514,14,10,Rubiaceae,Jackiopsis,ornata,2016
Padu Banjar,PB5,PB5/8,Peat Swamp,42514,16,10,Lauraceae,Litsea,lancifolia,2016
Padu Banjar,PB5,PB5/8,Peat Swamp,42514,11,5,Lauraceae,Litsea,lancifolia,2016
Padu Banjar,PB5,PB5/8,Peat Swamp,42514,16,10,Lauraceae,Litsea,lancifolia,2016
Padu Banjar,PB5,PB5/8,Peat Swamp,42514,14,15,Sapotaceae,Palaquium,rostratum,2016
Padu Banjar,PB5,PB5/8,Peat Swamp,42514,17,15,Lauraceae,Litsea,lancifolia,2016
Padu Banjar,PB5,PB5/8,Peat Swamp,42514,14,10,Elaeocarpaceae,Elaeocarpus,stipularis,2016
Padu Banjar,PB5,PB5/8,Peat Swamp,42514,16,10,Stemonuraceae,Stemonurus,secundiflorus,2016
Padu Banjar,PB5,PB5/8,Peat Swamp,42514,17,10,Elaeocarpaceae,Elaeocarpus,stipularis,2016
Padu Banjar,PB5,PB5/8,Peat Swamp,42514,16,15,Stemonuraceae,Stemonurus,secundiflorus,2016
Padu Banjar,PB5,PB5/9,Peat Swamp,42514,14,10,Sapotaceae,Palaquium,rostratum,2016
Padu Banjar,PB5,PB5/9,Peat Swamp,42514,10,10,Lauraceae,Litsea,lancifolia,2016
Padu Banjar,PB5,PB5/9,Peat Swamp,42514,12,10,Aquifoliaceae,Ilex,cymosa,2016
Padu Banjar,PB5,PB5/9,Peat Swamp,42514,23,15,Lauraceae,Litsea,lancifolia,2016
Padu Banjar,PB5,PB5/9,Peat Swamp,42514,27,20,Ebenaceae,Diospyros,siamang,2016
Padu Banjar,PB5,PB5/9,Peat Swamp,42514,20,15,Myrtaceae,Syzygium,chloranthum,2016
Padu Banjar,PB5,PB5/9,Peat Swamp,42514,14,10,Calophyllaceae,Calophyllum,sclerophyllum,2016
Padu Banjar,PB5,PB5/10,Peat Swamp,42514,18,15,Sapindaceae,Nephelium,maingayi,2016
Padu Banjar,PB5,PB5/10,Peat Swamp,42514,10,15,Polygalaceae,Xanthophyllum,amoenum,2016
Padu Banjar,PB5,PB5/10,Peat Swamp,42514,38,30,Chrysobalanaceae,Licania,splendens,2016
Padu Banjar,PB5,PB5/10,Peat Swamp,42514,32,25,Ebenaceae,Diospyros,siamang,2016
Padu Banjar,PB5,PB5/10,Peat Swamp,42514,29,20,Ebenaceae,Diospyros,siamang,2016
Padu Banjar,PB5,PB5/10,Peat Swamp,42514,18,20,Ebenaceae,Diospyros,siamang,2016
Padu Banjar,PB5,PB5/10,Peat Swamp,42514,18,20,Tetrameristaceae,Tetramerista,glabra,2016
Padu Banjar,PB5,PB5/10,Peat Swamp,42514,16,15,Lauraceae,Litsea,lancifolia,2016
Padu Banjar,PB5,PB5/10,Peat Swamp,42514,27,25,Myristicaceae,Horsfieldia,grandis,2016
Padu Banjar,PB5,PB5/10,Peat Swamp,42514,18,20,Annonaceae,Mezzettia,parvifolia,2016
Padu Banjar,PB5,PB5/10,Peat Swamp,42514,21,25,Lauraceae,Litsea,lancifolia,2016
Padu Banjar,PB5,PB5/10,Peat Swamp,42514,21,20,Ebenaceae,Diospyros,siamang,2016
Padu Banjar,PB5,PB5/10,Peat Swamp,42514,17,15,Ebenaceae,Diospyros,siamang,2016
Padu Banjar,PB5,PB5/10,Peat Swamp,42514,26,30,Stemonuraceae,Stemonurus,secundiflorus,2016
Padu Banjar,PB5,PB5/10,Peat Swamp,42514,20,15,Stemonuraceae,Stemonurus,secundiflorus,2016
Padu Banjar,PB5,PB5/10,Peat Swamp,42514,21,20,Ebenaceae,Diospyros,siamang,2016
Padu Banjar,PB5,PB5/10,Peat Swamp,42514,12,15,Stemonuraceae,Stemonurus,secundiflorus,2016
Padu Banjar,PB5,PB5/10,Peat Swamp,42514,25,25,Calophyllaceae,Calophyllum,pisiferum,2016
Pemangkat,P1,P1/3,Peat Swamp,42515,22,15,Lauraceae,Litsea,lancifolia,2016
Pemangkat,P1,P1/3,Peat Swamp,42515,17,10,Lauraceae,Litsea,lancifolia,2016
Pemangkat,P1,P1/3,Peat Swamp,42515,14,10,Lauraceae,Litsea,lancifolia,2016
Pemangkat,P1,P1/3,Peat Swamp,42515,25,10,Lauraceae,Litsea,lancifolia,2016
Pemangkat,P1,P1/3,Peat Swamp,42515,10,5,Fagaceae,Lithocarpus,conocarpus,2016
Pemangkat,P1,P1/3,Peat Swamp,42515,10,10,Lauraceae,Litsea,lancifolia,2016
Pemangkat,P1,P1/3,Peat Swamp,42515,16,15,Lauraceae,Litsea,lancifolia,2016
Pemangkat,P1,P1/3,Peat Swamp,42515,14,10,Lauraceae,Litsea,lancifolia,2016
Pemangkat,P1,P1/3,Peat Swamp,42515,36,30,Thymeleaceae,Gonystylus,bancanus,2016
Pemangkat,P1,P1/4,Peat Swamp,42515,16,10,Dipterocarpaceae,Shorea,uliginosa,2016
Pemangkat,P1,P1/4,Peat Swamp,42515,14,10,Dipterocarpaceae,Shorea,uliginosa,2016
Pemangkat,P1,P1/4,Peat Swamp,42515,18,10,Lauraceae,Litsea,lancifolia,2016
Pemangkat,P1,P1/4,Peat Swamp,42515,16,10,Aquifoliaceae,Ilex,cymosa,2016
Pemangkat,P1,P1/4,Peat Swamp,42515,14,10,Aquifoliaceae,Ilex,cymosa,2016
Pemangkat,P1,P1/4,Peat Swamp,42515,17,15,Dipterocarpaceae,Shorea,leprosula,2016
Pemangkat,P1,P1/4,Peat Swamp,42515,23,25,Thymeleaceae,Gonystylus,bancanus,2016
Pemangkat,P1,P1/4,Peat Swamp,42515,38,25,Myrtaceae,Syzygium,havilandii,2016
Pemangkat,P1,P1/4,Peat Swamp,42515,23,20,Dipterocarpaceae,Shorea,leprosula,2016
Pemangkat,P1,P1/4,Peat Swamp,42515,27,25,Lauraceae,Litsea,lancifolia,2016
Pemangkat,P1,P1/5,Peat Swamp,42515,10,15,Fagaceae,Lithocarpus,conocarpus,2016
Pemangkat,P1,P1/5,Peat Swamp,42515,27,20,Clusiaceae,Garcinia,parvifolia,2016
Pemangkat,P1,P1/5,Peat Swamp,42515,14,15,Lauraceae,Cryptocarya,strictifolia,2016
Pemangkat,P1,P1/5,Peat Swamp,42515,18,20,Euphorbiaceae,Blumeodendron,tokbrai,2016
Pemangkat,P1,P1/5,Peat Swamp,42515,16,20,Lauraceae,Litsea,lancifolia,2016
Pemangkat,P1,P1/5,Peat Swamp,42515,10,,Rubiaceae,Uncaria,,2016
Pemangkat,P1,P1/5,Peat Swamp,42515,12,10,Aquifoliaceae,Ilex,cymosa,2016
Pemangkat,P1,P1/5,Peat Swamp,42515,35,30,Sapindaceae,Nephelium,maingayi,2016
Pemangkat,P1,P1/5,Peat Swamp,42515,17,15,Clusiaceae,Garcinia,parvifolia,2016
Pemangkat,P1,P1/6,Peat Swamp,42515,35,20,Fagaceae,Lithocarpus,conocarpus,2016
Pemangkat,P1,P1/6,Peat Swamp,42515,19,20,Myristicaceae,Horsfieldia,grandis,2016
Pemangkat,P1,P1/6,Peat Swamp,42515,80,,Pandanaceae,Pandanus,tectorius,2016
Pemangkat,P1,P1/6,Peat Swamp,42515,8,,Rubiaceae,Uncaria,,2016
Pemangkat,P1,P1/6,Peat Swamp,42515,20,25,Lauraceae,Litsea,lancifolia,2016
Pemangkat,P1,P1/6,Peat Swamp,42515,17,20,Lauraceae,Litsea,lancifolia,2016
Pemangkat,P1,P1/6,Peat Swamp,42515,21,15,Fagaceae,Lithocarpus,conocarpus,2016
Pemangkat,P1,P1/6,Peat Swamp,42515,29,20,Lauraceae,Litsea,lancifolia,2016
Pemangkat,P1,P1/6,Peat Swamp,42515,15,10,Tetrameristaceae,Tetramerista,glabra,2016
Pemangkat,P1,P1/6,Peat Swamp,42515,23,20,Sterculiaceae,Scaphium,macropodum,2016
Pemangkat,P1,P1/6,Peat Swamp,42515,24,15,Lauraceae,Litsea,lancifolia,2016
Pemangkat,P1,P1/6,Peat Swamp,42515,21,15,Lauraceae,Litsea,lancifolia,2016
Pemangkat,P1,P1/6,Peat Swamp,42515,29,20,Lauraceae,Litsea,lancifolia,2016
Pemangkat,P1,P1/6,Peat Swamp,42515,14,10,Lauraceae,Litsea,lancifolia,2016
Pemangkat,P1,P1/6,Peat Swamp,42515,16,10,Lauraceae,Litsea,lancifolia,2016
Pemangkat,P1,P1/7,Peat Swamp,42515,23,20,Stemonuraceae,Stemonurus,secundiflorus,2016
Pemangkat,P1,P1/7,Peat Swamp,42515,12,10,Euphorbiaceae,Blumeodendron,tokbrai,2016
Pemangkat,P1,P1/7,Peat Swamp,42515,15,10,Magnoliaceae,Magnolia,,2016
Pemangkat,P1,P1/7,Peat Swamp,42515,27,25,Chrysobalanaceae,Licania,splendens,2016
Pemangkat,P1,P1/7,Peat Swamp,42515,16,15,Fagaceae,Lithocarpus,conocarpus,2016
Pemangkat,P1,P1/7,Peat Swamp,42515,19,25,Anacardiaceaae,Campnosperma,coriaceum,2016
Pemangkat,P1,P1/7,Peat Swamp,42515,18,20,Myrtaceae,Syzygium,havilandii,2016
Pemangkat,P1,P1/7,Peat Swamp,42515,26,25,Anacardiaceaae,Campnosperma,coriaceum,2016
Pemangkat,P1,P1/7,Peat Swamp,42515,21,20,Stemonuraceae,Stemonurus,secundiflorus,2016
Pemangkat,P1,P1/7,Peat Swamp,42515,14,10,Euphorbiaceae,Macaranga,depressa,2016
Pemangkat,P1,P1/8,Peat Swamp,42515,17,15,Lauraceae,Litsea,lancifolia,2016
Pemangkat,P1,P1/8,Peat Swamp,42515,35,25,Sapotaceae,Palaquium,rostratum,2016
Pemangkat,P1,P1/8,Peat Swamp,42515,16,15,Ebenaceae,Diospyros,siamang,2016
Pemangkat,P1,P1/8,Peat Swamp,42515,16,15,Anacardiaceaae,Campnosperma,coriaceum,2016
Pemangkat,P1,P1/8,Peat Swamp,42515,8,,Gnetaceae,Gnetum,,2016
Pemangkat,P1,P1/8,Peat Swamp,42515,17,15,Lauraceae,Litsea,lancifolia,2016
Pemangkat,P1,P1/8,Peat Swamp,42515,12,10,Lauraceae,Litsea,lancifolia,2016
Pemangkat,P1,P1/8,Peat Swamp,42515,14,15,Lauraceae,Litsea,lancifolia,2016
Pemangkat,P1,P1/8,Peat Swamp,42515,18,15,Lauraceae,Litsea,lancifolia,2016
Pemangkat,P1,P1/8,Peat Swamp,42515,12,10,Stemonuraceae,Stemonurus,secundiflorus,2016
Pemangkat,P1,P1/8,Peat Swamp,42515,10,10,Ebenaceae,Diospyros,siamang,2016
Pemangkat,P1,P1/8,Peat Swamp,42515,18,10,Ebenaceae,Diospyros,siamang,2016
Pemangkat,P1,P1/9,Peat Swamp,42515,35,25,Thymeleaceae,Gonystylus,bancanus,2016
Pemangkat,P1,P1/9,Peat Swamp,42515,24,20,Ebenaceae,Diospyros,maingayi,2016
Pemangkat,P1,P1/9,Peat Swamp,42515,30,25,Thymeleaceae,Gonystylus,bancanus,2016
Pemangkat,P1,P1/9,Peat Swamp,42515,6,,Apocynaceae,Willughbeia,,2016
Pemangkat,P1,P1/9,Peat Swamp,42515,17,15,Thymeleaceae,Gonystylus,bancanus,2016
Pemangkat,P1,P1/9,Peat Swamp,42515,16,20,Euphorbiaceae,Blumeodendron,tokbrai,2016
Pemangkat,P1,P1/9,Peat Swamp,42515,14,15,Stemonuraceae,Stemonurus,secundiflorus,2016
Pemangkat,P1,P1/9,Peat Swamp,42515,18,20,Meliaceae,Aglaia,rubiginosa,2016
Pemangkat,P1,P1/9,Peat Swamp,42515,16,10,Calophyllaceae,Calophyllum,pisiferum,2016
Pemangkat,P1,P1/9,Peat Swamp,42515,14,10,Stemonuraceae,Stemonurus,secundiflorus,2016
Pemangkat,P1,P1/9,Peat Swamp,42515,14,10,Clusiaceae,Garcinia,parvifolia,2016
Pemangkat,P1,P1/9,Peat Swamp,42515,15,20,Sapotaceae,Palaquium,pseudocuneatum,2016
Pemangkat,P1,P1/9,Peat Swamp,42515,18,20,Lauraceae,Litsea,lancifolia,2016
Pemangkat,P1,P1/9,Peat Swamp,42515,14,10,Aquifoliaceae,Ilex,cymosa,2016
Pemangkat,P1,P1/9,Peat Swamp,42515,12,10,Aquifoliaceae,Ilex,cymosa,2016
Pemangkat,P1,P1/9,Peat Swamp,42515,10,10,Aquifoliaceae,Ilex,cymosa,2016
Pemangkat,P1,P1/9,Peat Swamp,42515,12,15,Phyllanthaceae,Baccaurea,bracteata,2016
Pemangkat,P1,P1/9,Peat Swamp,42515,16,20,Fagaceae,Lithocarpus,conocarpus,2016
Pemangkat,P1,P1/10,Peat Swamp,42515,14,15,Stemonuraceae,Stemonurus,secundiflorus,2016
Pemangkat,P1,P1/10,Peat Swamp,42515,17,10,Ebenaceae,Diospyros,maingayi,2016
Pemangkat,P1,P1/10,Peat Swamp,42515,11,10,Tetrameristaceae,Tetramerista,glabra,2016
Pemangkat,P1,P1/10,Peat Swamp,42515,17,15,Tetrameristaceae,Tetramerista,glabra,2016
Pemangkat,P1,P1/10,Peat Swamp,42515,14,15,Stemonuraceae,Stemonurus,secundiflorus,2016
Pemangkat,P1,P1/10,Peat Swamp,42515,16,10,Aquifoliaceae,Ilex,cymosa,2016
Pemangkat,P1,P1/10,Peat Swamp,42515,12,10,Aquifoliaceae,Ilex,cymosa,2016
Pemangkat,P1,P1/10,Peat Swamp,42515,27,20,Celastraceae,Lophopetalum,javanicum,2016
Pemangkat,P1,P1/10,Peat Swamp,42515,17,15,Tetrameristaceae,Tetramerista,glabra,2016
Pemangkat,P1,P1/10,Peat Swamp,42515,31,25,Thymeleaceae,Gonystylus,bancanus,2016
Pemangkat,P1,P1/10,Peat Swamp,42515,17,15,Dipterocarpaceae,Shorea,ovalis,2016
Nipah Kuning,NK1,NK1/1,Peat Swamp,42517,15,10,Moraceae,Ficus,,2016
Nipah Kuning,NK1,NK1/1,Peat Swamp,42517,17,15,Anacardiaceaae,Campnosperma,coriaceum,2016
Nipah Kuning,NK1,NK1/1,Peat Swamp,42517,10,10,Thymeleaceae,Gonystylus,bancanus,2016
Nipah Kuning,NK1,NK1/1,Peat Swamp,42517,12,10,Sapotaceae,Palaquium,rostratum,2016
Nipah Kuning,NK1,NK1/1,Peat Swamp,42517,14,10,Sapotaceae,Palaquium,rostratum,2016
Nipah Kuning,NK1,NK1/1,Peat Swamp,42517,28,25,Sapotaceae,Palaquium,rostratum,2016
Nipah Kuning,NK1,NK1/2,Peat Swamp,42517,18,10,Moraceae,Ficus,,2016
Nipah Kuning,NK1,NK1/2,Peat Swamp,42517,16,10,Moraceae,Ficus,,2016
Nipah Kuning,NK1,NK1/2,Peat Swamp,42517,23,20,Calophyllaceae,Calophyllum,pisiferum,2016
Nipah Kuning,NK1,NK1/2,Peat Swamp,42517,17,15,Lauraceae,Litsea,lancifolia,2016
Nipah Kuning,NK1,NK1/2,Peat Swamp,42517,16,10,Moraceae,Ficus,,2016
Nipah Kuning,NK1,NK1/2,Peat Swamp,42517,17,10,Phyllanthaceae,Baccaurea,bracteata,2016
Nipah Kuning,NK1,NK1/2,Peat Swamp,42517,12,5,Stemonuraceae,Stemonurus,secundiflorus,2016
Nipah Kuning,NK1,NK1/2,Peat Swamp,42517,20,15,Calophyllaceae,Calophyllum,inophyllum,2016
Nipah Kuning,NK1,NK1/2,Peat Swamp,42517,14,10,Phyllanthaceae,Baccaurea,bracteata,2016
Nipah Kuning,NK1,NK1/2,Peat Swamp,42517,12,10,Aquifoliaceae,Ilex,cymosa,2016
Nipah Kuning,NK1,NK1/2,Peat Swamp,42517,16,10,Polygalaceae,Xanthophyllum,amoenum,2016
Nipah Kuning,NK1,NK1/2,Peat Swamp,42517,18,15,Lauraceae,Litsea,lancifolia,2016
Nipah Kuning,NK1,NK1/2,Peat Swamp,42517,12,10,Polygalaceae,Xanthophyllum,amoenum,2016
Nipah Kuning,NK1,NK1/2,Peat Swamp,42517,17,15,Polygalaceae,Xanthophyllum,amoenum,2016
Nipah Kuning,NK1,NK1/2,Peat Swamp,42517,19,20,Thymeleaceae,Gonystylus,bancanus,2016
Nipah Kuning,NK1,NK1/3,Peat Swamp,42517,21,15,Ebenaceae,Diospyros,maingayi,2016
Nipah Kuning,NK1,NK1/3,Peat Swamp,42517,15,10,Magnoliaceae,Magnolia,,2016
Nipah Kuning,NK1,NK1/3,Peat Swamp,42517,14,10,Fagaceae,Lithocarpus,conocarpus,2016
Nipah Kuning,NK1,NK1/3,Peat Swamp,42517,17,10,Sapindaceae,Nephelium,maingayi,2016
Nipah Kuning,NK1,NK1/3,Peat Swamp,42517,17,15,Sapindaceae,Nephelium,maingayi,2016
Nipah Kuning,NK1,NK1/3,Peat Swamp,42517,14,10,Lauraceae,Litsea,lancifolia,2016
Nipah Kuning,NK1,NK1/3,Peat Swamp,42517,12,10,Anacardiaceaae,Campnosperma,coriaceum,2016
Nipah Kuning,NK1,NK1/3,Peat Swamp,42517,17,15,Tetrameristaceae,Tetramerista,glabra,2016
Nipah Kuning,NK1,NK1/3,Peat Swamp,42517,12,10,Lauraceae,Litsea,lancifolia,2016
Nipah Kuning,NK1,NK1/3,Peat Swamp,42517,18,15,Thymeleaceae,Gonystylus,bancanus,2016
Nipah Kuning,NK1,NK1/3,Peat Swamp,42517,22,20,Fagaceae,Lithocarpus,leptogyne,2016
Nipah Kuning,NK1,NK1/3,Peat Swamp,42517,22,20,Lauraceae,Litsea,lancifolia,2016
Nipah Kuning,NK1,NK1/3,Peat Swamp,42517,18,15,Tetrameristaceae,Tetramerista,glabra,2016
Nipah Kuning,NK1,NK1/3,Peat Swamp,42517,17,15,Myrtaceae,Syzygium,zeylanicum,2016
Nipah Kuning,NK1,NK1/3,Peat Swamp,42517,14,10,Calophyllaceae,Calophyllum,pisiferum,2016
Nipah Kuning,NK1,NK1/3,Peat Swamp,42517,19,15,Magnoliaceae,Magnolia,,2016
Nipah Kuning,NK1,NK1/3,Peat Swamp,42517,17,20,Lauraceae,Litsea,lancifolia,2016
Nipah Kuning,NK1,NK1/3,Peat Swamp,42517,12,15,Burseraceae,Santiria,oblongifolia,2016
Nipah Kuning,NK1,NK1/4,Peat Swamp,42517,14,10,Clusiaceae,Garcinia,parvifolia,2016
Nipah Kuning,NK1,NK1/4,Peat Swamp,42517,18,14,Sapotaceae,Palaquium,rostratum,2016
Nipah Kuning,NK1,NK1/4,Peat Swamp,42517,12,10,Stemonuraceae,Stemonurus,secundiflorus,2016
Nipah Kuning,NK1,NK1/4,Peat Swamp,42517,16,15,Polygalaceae,Xanthophyllum,amoenum,2016
Nipah Kuning,NK1,NK1/4,Peat Swamp,42517,17,15,Stemonuraceae,Stemonurus,secundiflorus,2016
Nipah Kuning,NK1,NK1/4,Peat Swamp,42517,10,10,Stemonuraceae,Stemonurus,secundiflorus,2016
Nipah Kuning,NK1,NK1/4,Peat Swamp,42517,14,10,Stemonuraceae,Stemonurus,secundiflorus,2016
Nipah Kuning,NK1,NK1/4,Peat Swamp,42517,23,20,Sapotaceae,Palaquium,rostratum,2016
Nipah Kuning,NK1,NK1/4,Peat Swamp,42517,16,15,Stemonuraceae,Stemonurus,secundiflorus,2016
Nipah Kuning,NK1,NK1/4,Peat Swamp,42517,32,25,Ebenaceae,Diospyros,maingayi,2016
Nipah Kuning,NK1,NK1/4,Peat Swamp,42517,38,30,Sapotaceae,Palaquium,pseudocuneatum,2016
Nipah Kuning,NK1,NK1/4,Peat Swamp,42517,40,30,Rosaceae,Parastemon,,2016
Nipah Kuning,NK1,NK1/4,Peat Swamp,42517,12,10,Polygalaceae,Xanthophyllum,amoenum,2016
Nipah Kuning,NK1,NK1/4,Peat Swamp,42517,37,25,Polygalaceae,Xanthophyllum,ellipticum,2016
Nipah Kuning,NK1,NK1/4,Peat Swamp,42517,27,20,Ebenaceae,Diospyros,maingayi,2016
Nipah Kuning,NK1,NK1/4,Peat Swamp,42517,29,25,Sapindaceae,Nephelium,maingayi,2016
Nipah Kuning,NK1,NK1/4,Peat Swamp,42517,26,30,Myrtaceae,Syzygium,zeylanicum,2016
Nipah Kuning,NK1,NK1/4,Peat Swamp,42517,10,10,Ebenaceae,Diospyros,siamang,2016
Nipah Kuning,NK1,NK1/4,Peat Swamp,42517,12,10,Myrtaceae,Syzygium,havilandii,2016
Nipah Kuning,NK1,NK1/4,Peat Swamp,42517,18,15,Phyllanthaceae,Baccaurea,bracteata,2016
Nipah Kuning,NK1,NK1/4,Peat Swamp,42517,14,15,Euphorbiaceae,Blumeodendron,tokbrai,2016
Nipah Kuning,NK1,NK1/4,Peat Swamp,42517,14,15,Polygalaceae,Xanthophyllum,amoenum,2016
Nipah Kuning,NK1,NK1/4,Peat Swamp,42517,18,20,Myrtaceae,Syzygium,chloranthum,2016
Nipah Kuning,NK1,NK1/4,Peat Swamp,42517,19,15,Polygalaceae,Xanthophyllum,ellipticum,2016
Nipah Kuning,NK1,NK1/5,Peat Swamp,42517,21,20,Sapotaceae,Palaquium,rostratum,2016
Nipah Kuning,NK1,NK1/5,Peat Swamp,42517,16,15,Stemonuraceae,Stemonurus,secundiflorus,2016
Nipah Kuning,NK1,NK1/5,Peat Swamp,42517,16,15,Euphorbiaceae,Blumeodendron,tokbrai,2016
Nipah Kuning,NK1,NK1/5,Peat Swamp,42517,19,20,Sapotaceae,Palaquium,rostratum,2016
Nipah Kuning,NK1,NK1/5,Peat Swamp,42517,24,25,Myrtaceae,Tristaniopsis,obovata,2016
Nipah Kuning,NK1,NK1/5,Peat Swamp,42517,20,20,Dipterocarpaceae,Shorea,ovalis,2016
Nipah Kuning,NK1,NK1/5,Peat Swamp,42517,32,25,Thymeleaceae,Gonystylus,bancanus,2016
Nipah Kuning,NK1,NK1/5,Peat Swamp,42517,27,20,Myrtaceae,Tristaniopsis,obovata,2016
Nipah Kuning,NK1,NK1/5,Peat Swamp,42517,11,10,Crypteroniaceae,Dactylocladus,stenostachys,2016
Nipah Kuning,NK1,NK1/5,Peat Swamp,42517,18,15,Lauraceae,Litsea,lancifolia,2016
Nipah Kuning,NK1,NK1/5,Peat Swamp,42517,14,10,Myrtaceae,Syzygium,havilandii,2016
Nipah Kuning,NK1,NK1/5,Peat Swamp,42517,17,15,Stemonuraceae,Stemonurus,secundiflorus,2016
Nipah Kuning,NK1,NK1/5,Peat Swamp,42517,18,15,Sapotaceae,Palaquium,pseudocuneatum,2016
Nipah Kuning,NK1,NK1/5,Peat Swamp,42517,24,20,Meliaceae,Aglaia,rubiginosa,2016
Nipah Kuning,NK1,NK1/5,Peat Swamp,42517,14,10,Clusiaceae,Garcinia,parvifolia,2016
Nipah Kuning,NK1,NK1/5,Peat Swamp,42517,10,20,Polygalaceae,Xanthophyllum,amoenum,2016
Nipah Kuning,NK1,NK1/5,Peat Swamp,42517,29,25,Ebenaceae,Diospyros,maingayi,2016
Nipah Kuning,NK1,NK1/5,Peat Swamp,42517,27,20,Myrtaceae,Tristaniopsis,obovata,2016
Nipah Kuning,NK1,NK1/5,Peat Swamp,42517,21,15,Myrtaceae,Syzygium,zeylanicum,2016
Nipah Kuning,NK1,NK1/5,Peat Swamp,42517,29,20,Myrtaceae,Tristaniopsis,obovata,2016
Nipah Kuning,NK1,NK1/6,Peat Swamp,42517,18,20,Thymeleaceae,Gonystylus,bancanus,2016
Nipah Kuning,NK1,NK1/6,Peat Swamp,42517,17,15,Sapotaceae,Palaquium,rostratum,2016
Nipah Kuning,NK1,NK1/6,Peat Swamp,42517,23,20,Myrtaceae,Tristaniopsis,beccarii,2016
Nipah Kuning,NK1,NK1/6,Peat Swamp,42517,32,25,Elaeocarpaceae,Elaeocarpus,stipularis,2016
Nipah Kuning,NK1,NK1/6,Peat Swamp,42517,17,15,Elaeocarpaceae,Elaeocarpus,submonoceras,2016
Nipah Kuning,NK1,NK1/6,Peat Swamp,42517,21,20,Lecythidaceae,Barringtonia,Macrostachya,2016
Nipah Kuning,NK1,NK1/6,Peat Swamp,42517,18,15,Stemonuraceae,Stemonurus,secundiflorus,2016
Nipah Kuning,NK1,NK1/6,Peat Swamp,42517,27,20,Sapotaceae,Palaquium,rostratum,2016
Nipah Kuning,NK1,NK1/6,Peat Swamp,42517,19,15,Sapotaceae,Palaquium,rostratum,2016
Nipah Kuning,NK1,NK1/6,Peat Swamp,42517,11,10,Ebenaceae,Diospyros,maingayi,2016
Nipah Kuning,NK1,NK1/6,Peat Swamp,42517,21,20,Ebenaceae,Diospyros,maingayi,2016
Nipah Kuning,NK1,NK1/6,Peat Swamp,42517,18,21,Myrtaceae,Syzygium,chloranthum,2016
Nipah Kuning,NK1,NK1/6,Peat Swamp,42517,27,20,Myristicaceae,Knema,latericia,2016
Nipah Kuning,NK1,NK1/6,Peat Swamp,42517,19,15,Thymeleaceae,Gonystylus,bancanus,2016
Nipah Kuning,NK1,NK1/6,Peat Swamp,42517,11,10,Stemonuraceae,Stemonurus,secundiflorus,2016
Nipah Kuning,NK1,NK1/7,Peat Swamp,42517,17,15,Stemonuraceae,Stemonurus,secundiflorus,2016
Nipah Kuning,NK1,NK1/7,Peat Swamp,42517,24,20,Myrtaceae,Syzygium,havilandii,2016
Nipah Kuning,NK1,NK1/7,Peat Swamp,42517,35,30,Myrtaceae,Tristaniopsis,obovata,2016
Nipah Kuning,NK1,NK1/7,Peat Swamp,42517,27,25,Sapotaceae,Madhuca,motleyana,2016
Nipah Kuning,NK1,NK1/7,Peat Swamp,42517,21,20,Euphorbiaceae,Blumeodendron,tokbrai,2016
Nipah Kuning,NK1,NK1/7,Peat Swamp,42517,17,15,Myrtaceae,Syzygium,chloranthum,2016
Nipah Kuning,NK1,NK1/7,Peat Swamp,42517,12,10,Magnoliaceae,Magnolia,,2016
Nipah Kuning,NK1,NK1/7,Peat Swamp,42517,17,15,Thymeleaceae,Gonystylus,bancanus,2016
Nipah Kuning,NK1,NK1/7,Peat Swamp,42517,11,10,Myrtaceae,Syzygium,chloranthum,2016
Nipah Kuning,NK1,NK1/7,Peat Swamp,42517,22,25,Sapotaceae,Palaquium,rostratum,2016
Nipah Kuning,NK1,NK1/7,Peat Swamp,42517,23,20,Magnoliaceae,Magnolia,,2016
Nipah Kuning,NK1,NK1/7,Peat Swamp,42517,16,15,Stemonuraceae,Stemonurus,secundiflorus,2016
Nipah Kuning,NK1,NK1/7,Peat Swamp,42517,21,25,Lauraceae,Litsea,lancifolia,2016
Nipah Kuning,NK1,NK1/7,Peat Swamp,42517,12,15,Fagaceae,Lithocarpus,leptogyne,2016
Nipah Kuning,NK1,NK1/7,Peat Swamp,42517,17,15,Euphorbiaceae,Blumeodendron,tokbrai,2016
Nipah Kuning,NK1,NK1/9,Peat Swamp,42517,17,15,Fagaceae,Lithocarpus,leptogyne,2016
Nipah Kuning,NK1,NK1/9,Peat Swamp,42517,18,15,Fagaceae,Lithocarpus,leptogyne,2016
Nipah Kuning,NK1,NK1/9,Peat Swamp,42517,12,10,Phyllanthaceae,Baccaurea,bracteata,2016
Nipah Kuning,NK1,NK1/9,Peat Swamp,42517,16,10,Polygalaceae,Xanthophyllum,ellipticum,2016
Nipah Kuning,NK1,NK1/9,Peat Swamp,42517,10,10,Anacardiaceaae,Campnosperma,coriaceum,2016
Nipah Kuning,NK1,NK1/9,Peat Swamp,42517,12,15,Sapotaceae,Palaquium,rostratum,2016
Nipah Kuning,NK1,NK1/9,Peat Swamp,42517,11,10,Euphorbiaceae,Blumeodendron,tokbrai,2016
Nipah Kuning,NK1,NK1/9,Peat Swamp,42517,17,15,Sapotaceae,Palaquium,rostratum,2016
Nipah Kuning,NK1,NK1/9,Peat Swamp,42517,18,20,Fagaceae,Lithocarpus,leptogyne,2016
Nipah Kuning,NK1,NK1/9,Peat Swamp,42517,16,15,Fagaceae,Lithocarpus,leptogyne,2016
Nipah Kuning,NK1,NK1/9,Peat Swamp,42517,14,10,Fagaceae,Lithocarpus,leptogyne,2016
Nipah Kuning,NK1,NK1/9,Peat Swamp,42517,15,10,Fagaceae,Lithocarpus,leptogyne,2016
Nipah Kuning,NK1,NK1/9,Peat Swamp,42517,18,15,Fagaceae,Lithocarpus,leptogyne,2016
Nipah Kuning,NK1,NK1/9,Peat Swamp,42517,10,10,Fagaceae,Lithocarpus,leptogyne,2016
Nipah Kuning,NK1,NK1/9,Peat Swamp,42517,12,10,Phyllanthaceae,Baccaurea,bracteata,2016
Nipah Kuning,NK1,NK1/9,Peat Swamp,42517,16,12,Fagaceae,Lithocarpus,leptogyne,2016
Nipah Kuning,NK1,NK1/10,Peat Swamp,42517,10,10,Fagaceae,Lithocarpus,leptogyne,2016
Nipah Kuning,NK1,NK1/10,Peat Swamp,42517,11,10,Fagaceae,Lithocarpus,leptogyne,2016
Nipah Kuning,NK2,NK2/1,Peat Swamp,42518,12,10,Stemonuraceae,Stemonurus,secundiflorus,2016
Nipah Kuning,NK2,NK2/1,Peat Swamp,42518,17,15,Lauraceae,Litsea,lancifolia,2016
Nipah Kuning,NK2,NK2/1,Peat Swamp,42518,16,15,Annonaceae,Mezzettia,parvifolia,2016
Nipah Kuning,NK2,NK2/1,Peat Swamp,42518,38,30,Apocynaceae,Alstonia,scholaris,2016
Nipah Kuning,NK2,NK2/1,Peat Swamp,42518,14,15,Sapindaceae,Nephelium,maingayi,2016
Nipah Kuning,NK2,NK2/1,Peat Swamp,42518,12,15,Sapindaceae,Nephelium,maingayi,2016
Nipah Kuning,NK2,NK2/1,Peat Swamp,42518,13,10,Sapindaceae,Nephelium,maingayi,2016
Nipah Kuning,NK2,NK2/1,Peat Swamp,42518,14,15,Tetrameristaceae,Tetramerista,glabra,2016
Nipah Kuning,NK2,NK2/1,Peat Swamp,42518,29,20,Myrtaceae,Syzygium,chloranthum,2016
Nipah Kuning,NK2,NK2/1,Peat Swamp,42518,19,15,Sapotaceae,Palaquium,rostratum,2016
Nipah Kuning,NK2,NK2/1,Peat Swamp,42518,14,10,Myrtaceae,Syzygium,havilandii,2016
Nipah Kuning,NK2,NK2/1,Peat Swamp,42518,23,25,Sapotaceae,Palaquium,rostratum,2016
Nipah Kuning,NK2,NK2/1,Peat Swamp,42518,17,15,Ebenaceae,Diospyros,maingayi,2016
Nipah Kuning,NK2,NK2/1,Peat Swamp,42518,18,20,Stemonuraceae,Stemonurus,secundiflorus,2016
Nipah Kuning,NK2,NK2/1,Peat Swamp,42518,14,10,Phyllanthaceae,Baccaurea,bracteata,2016
Nipah Kuning,NK2,NK2/1,Peat Swamp,42518,34,20,Myrtaceae,Syzygium,chloranthum,2016
Nipah Kuning,NK2,NK2/1,Peat Swamp,42518,29,25,Lauraceae,Cryptocarya,griffithiana,2016
Nipah Kuning,NK2,NK2/1,Peat Swamp,42518,19,15,Calophyllaceae,Calophyllum,pisiferum,2016
Nipah Kuning,NK2,NK2/1,Peat Swamp,42518,23,20,Fagaceae,Lithocarpus,leptogyne,2016
Nipah Kuning,NK2,NK2/1,Peat Swamp,42518,14,10,Fagaceae,Lithocarpus,leptogyne,2016
Nipah Kuning,NK2,NK2/1,Peat Swamp,42518,17,20,Stemonuraceae,Stemonurus,secundiflorus,2016
Nipah Kuning,NK2,NK2/1,Peat Swamp,42518,19,15,Myrtaceae,Syzygium,chloranthum,2016
Nipah Kuning,NK2,NK2/2,Peat Swamp,42518,12,10,Sapotaceae,Palaquium,rostratum,2016
Nipah Kuning,NK2,NK2/2,Peat Swamp,42518,10,15,Lauraceae,Litsea,lancifolia,2016
Nipah Kuning,NK2,NK2/2,Peat Swamp,42518,32,25,Fagaceae,Lithocarpus,leptogyne,2016
Nipah Kuning,NK2,NK2/2,Peat Swamp,42518,12,10,Tetrameristaceae,Tetramerista,glabra,2016
Nipah Kuning,NK2,NK2/2,Peat Swamp,42518,27,20,Thymeleaceae,Gonystylus,bancanus,2016
Nipah Kuning,NK2,NK2/2,Peat Swamp,42518,37,15,Crypteroniaceae,Dactylocladus,stenostachys,2016
Nipah Kuning,NK2,NK2/2,Peat Swamp,42518,14,15,Dipterocarpaceae,Shorea,ovalis,2016
Nipah Kuning,NK2,NK2/2,Peat Swamp,42518,16,15,Fagaceae,Lithocarpus,leptogyne,2016
Nipah Kuning,NK2,NK2/2,Peat Swamp,42518,38,30,Crypteroniaceae,Dactylocladus,stenostachys,2016
Nipah Kuning,NK2,NK2/3,Peat Swamp,42518,15,15,Stemonuraceae,Stemonurus,secundiflorus,2016
Nipah Kuning,NK2,NK2/3,Peat Swamp,42518,14,15,Stemonuraceae,Stemonurus,secundiflorus,2016
Nipah Kuning,NK2,NK2/3,Peat Swamp,42518,40,20,Moraceae,Ficus,crassiramea,2016
Nipah Kuning,NK2,NK2/3,Peat Swamp,42518,48,30,Thymeleaceae,Gonystylus,bancanus,2016
Nipah Kuning,NK2,NK2/3,Peat Swamp,42518,16,10,Lauraceae,Litsea,lancifolia,2016
Nipah Kuning,NK2,NK2/3,Peat Swamp,42518,14,10,Stemonuraceae,Stemonurus,secundiflorus,2016
Nipah Kuning,NK2,NK2/3,Peat Swamp,42518,24,15,Polygalaceae,Xanthophyllum,ellipticum,2016
Nipah Kuning,NK2,NK2/3,Peat Swamp,42518,12,10,Lauraceae,Litsea,lancifolia,2016
Nipah Kuning,NK2,NK2/3,Peat Swamp,42518,14,10,Polygalaceae,Xanthophyllum,amoenum,2016
Nipah Kuning,NK2,NK2/3,Peat Swamp,42518,17,15,Fagaceae,Lithocarpus,conocarpus,2016
Nipah Kuning,NK2,NK2/4,Peat Swamp,42518,12,10,Fagaceae,Lithocarpus,leptogyne,2016
Nipah Kuning,NK2,NK2/4,Peat Swamp,42518,17,15,Polygalaceae,Xanthophyllum,amoenum,2016
Nipah Kuning,NK2,NK2/4,Peat Swamp,42518,27,25,Lauraceae,Litsea,lancifolia,2016
Nipah Kuning,NK2,NK2/4,Peat Swamp,42518,26,20,Stemonuraceae,Stemonurus,secundiflorus,2016
Nipah Kuning,NK2,NK2/4,Peat Swamp,42518,10,10,Moraceae,Ficus,crassiramea,2016
Nipah Kuning,NK2,NK2/4,Peat Swamp,42518,27,20,Fagaceae,Lithocarpus,leptogyne,2016
Nipah Kuning,NK2,NK2/4,Peat Swamp,42518,14,10,Fagaceae,Lithocarpus,leptogyne,2016
Nipah Kuning,NK2,NK2/4,Peat Swamp,42518,8,,Apocynaceae,Dyera,lowii,2016
Nipah Kuning,NK2,NK2/4,Peat Swamp,42518,14,10,Fagaceae,Lithocarpus,conocarpus,2016
Nipah Kuning,NK2,NK2/4,Peat Swamp,42518,17,15,Fagaceae,Lithocarpus,conocarpus,2016
Nipah Kuning,NK2,NK2/4,Peat Swamp,42518,18,10,Fagaceae,Lithocarpus,conocarpus,2016
Nipah Kuning,NK2,NK2/4,Peat Swamp,42518,30,15,Theaceae,Ternstromia,,2016
Nipah Kuning,NK2,NK2/4,Peat Swamp,42518,14,20,Fagaceae,Lithocarpus,conocarpus,2016
Nipah Kuning,NK2,NK2/5,Peat Swamp,42518,26,20,Myrtaceae,Syzygium,zeylanicum,2016
Nipah Kuning,NK2,NK2/5,Peat Swamp,42518,8,,Rubiaceae,Uncaria,,2016
Nipah Kuning,NK2,NK2/5,Peat Swamp,42518,11,10,Calophyllaceae,Calophyllum,inophyllum,2016
Nipah Kuning,NK2,NK2/5,Peat Swamp,42518,17,15,Myrtaceae,Syzygium,zeylanicum,2016
Nipah Kuning,NK2,NK2/5,Peat Swamp,42518,36,20,Tetrameristaceae,Tetramerista,glabra,2016
Nipah Kuning,NK2,NK2/5,Peat Swamp,42518,15,10,Tetrameristaceae,Tetramerista,glabra,2016
Nipah Kuning,NK2,NK2/5,Peat Swamp,42518,20,15,Thymeleaceae,Gonystylus,bancanus,2016
Nipah Kuning,NK2,NK2/5,Peat Swamp,42518,17,15,Myrtaceae,Syzygium,chloranthum,2016
Nipah Kuning,NK2,NK2/5,Peat Swamp,42518,18,20,Fagaceae,Lithocarpus,conocarpus,2016
Nipah Kuning,NK2,NK2/5,Peat Swamp,42518,21,15,Myrtaceae,Syzygium,havilandii,2016
Nipah Kuning,NK2,NK2/5,Peat Swamp,42518,27,20,Tetrameristaceae,Tetramerista,glabra,2016
Nipah Kuning,NK2,NK2/6,Peat Swamp,42518,14,10,Fagaceae,Lithocarpus,leptogyne,2016
Nipah Kuning,NK2,NK2/6,Peat Swamp,42518,12,10,Fagaceae,Lithocarpus,leptogyne,2016
Nipah Kuning,NK2,NK2/6,Peat Swamp,42518,23,20,Sapotaceae,Palaquium,rostratum,2016
Nipah Kuning,NK2,NK2/6,Peat Swamp,42518,27,20,Myrtaceae,Syzygium,zeylanicum,2016
Nipah Kuning,NK2,NK2/6,Peat Swamp,42518,14,10,Stemonuraceae,Stemonurus,secundiflorus,2016
Nipah Kuning,NK2,NK2/6,Peat Swamp,42518,16,15,Fagaceae,Lithocarpus,conocarpus,2016
Nipah Kuning,NK2,NK2/6,Peat Swamp,42518,18,20,Fagaceae,Lithocarpus,conocarpus,2016
Nipah Kuning,NK2,NK2/6,Peat Swamp,42518,21,20,Thymeleaceae,Gonystylus,bancanus,2016
Nipah Kuning,NK2,NK2/6,Peat Swamp,42518,25,25,Moraceae,Parartocarpus,venenosus,2016
Nipah Kuning,NK2,NK2/6,Peat Swamp,42518,17,15,Fagaceae,Lithocarpus,leptogyne,2016
Nipah Kuning,NK2,NK2/6,Peat Swamp,42518,18,15,Anacardiaceaae,Campnosperma,coriaceum,2016
Nipah Kuning,NK2,NK2/6,Peat Swamp,42518,16,10,Fagaceae,Lithocarpus,conocarpus,2016
Nipah Kuning,NK2,NK2/6,Peat Swamp,42518,20,15,Lauraceae,Litsea,lancifolia,2016
Nipah Kuning,NK2,NK2/6,Peat Swamp,42518,16,15,Calophyllaceae,Calophyllum,pisiferum,2016
Nipah Kuning,NK2,NK2/7,Peat Swamp,42518,12,10,Fagaceae,Lithocarpus,leptogyne,2016
Nipah Kuning,NK2,NK2/7,Peat Swamp,42518,16,10,Fagaceae,Lithocarpus,leptogyne,2016
Nipah Kuning,NK2,NK2/7,Peat Swamp,42518,12,5,Lauraceae,Litsea,lancifolia,2016
Nipah Kuning,NK2,NK2/7,Peat Swamp,42518,12,10,Fagaceae,Lithocarpus,leptogyne,2016
Nipah Kuning,NK2,NK2/7,Peat Swamp,42518,10,10,Fagaceae,Lithocarpus,leptogyne,2016
Nipah Kuning,NK2,NK2/7,Peat Swamp,42518,14,10,Stemonuraceae,Stemonurus,secundiflorus,2016
Nipah Kuning,NK2,NK2/7,Peat Swamp,42518,12,10,Fagaceae,Lithocarpus,leptogyne,2016
Nipah Kuning,NK2,NK2/7,Peat Swamp,42518,11,10,Fagaceae,Lithocarpus,leptogyne,2016
Nipah Kuning,NK2,NK2/7,Peat Swamp,42518,25,15,Fagaceae,Lithocarpus,leptogyne,2016
Nipah Kuning,NK2,NK2/8,Peat Swamp,42518,21,20,Clusiaceae,Garcinia,parvifolia,2016
Nipah Kuning,NK2,NK2/8,Peat Swamp,42518,16,20,Fagaceae,Lithocarpus,leptogyne,2016
Nipah Kuning,NK2,NK2/8,Peat Swamp,42518,37,25,Thymeleaceae,Gonystylus,bancanus,2016
Nipah Kuning,NK2,NK2/8,Peat Swamp,42518,16,20,Moraceae,Ficus,crassiramea,2016
Nipah Kuning,NK2,NK2/8,Peat Swamp,42518,30,25,Crypteroniaceae,Dactylocladus,stenostachys,2016
Pulau Kumbang,PK1,PK1/1,Peat Swamp,42519,22,20,Sapotaceae,Palaquium,rostratum,2016
Pulau Kumbang,PK1,PK1/1,Peat Swamp,42519,14,10,Polygalaceae,Xanthophyllum,amoenum,2016
Pulau Kumbang,PK1,PK1/1,Peat Swamp,42519,17,15,Fagaceae,Lithocarpus,leptogyne,2016
Pulau Kumbang,PK1,PK1/1,Peat Swamp,42519,12,10,Euphorbiaceae,Blumeodendron,tokbrai,2016
Pulau Kumbang,PK1,PK1/1,Peat Swamp,42519,42,25,Apocynaceae,Dyera,lowii,2016
Pulau Kumbang,PK1,PK1/1,Peat Swamp,42519,12,,Apocynaceae,Willughbeia,,2016
Pulau Kumbang,PK1,PK1/1,Peat Swamp,42519,10,15,Fagaceae,Lithocarpus,leptogyne,2016
Pulau Kumbang,PK1,PK1/1,Peat Swamp,42519,18,20,Dipterocarpaceae,Shorea,ovalis,2016
Pulau Kumbang,PK1,PK1/1,Peat Swamp,42519,27,15,Fagaceae,Lithocarpus,leptogyne,2016
Pulau Kumbang,PK1,PK1/1,Peat Swamp,42519,16,10,Fagaceae,Lithocarpus,leptogyne,2016
Pulau Kumbang,PK1,PK1/1,Peat Swamp,42519,20,25,Celastraceae,Lophopetalum,beccarianum,2016
Pulau Kumbang,PK1,PK1/1,Peat Swamp,42519,11,10,Stemonuraceae,Stemonurus,secundiflorus,2016
Pulau Kumbang,PK1,PK1/1,Peat Swamp,42519,18,20,Anacardiaceaae,Campnosperma,coriaceum,2016
Pulau Kumbang,PK1,PK1/1,Peat Swamp,42519,37,25,Myrtaceae,Syzygium,havilandii,2016
Pulau Kumbang,PK1,PK1/1,Peat Swamp,42519,17,15,Fagaceae,Lithocarpus,conocarpus,2016
Pulau Kumbang,PK1,PK1/1,Peat Swamp,42519,12,10,Fagaceae,Lithocarpus,conocarpus,2016
Pulau Kumbang,PK1,PK1/1,Peat Swamp,42519,14,10,Fagaceae,Lithocarpus,conocarpus,2016
Pulau Kumbang,PK1,PK1/1,Peat Swamp,42519,29,25,Myrtaceae,Syzygium,chloranthum,2016
Pulau Kumbang,PK1,PK1/1,Peat Swamp,42519,13,10,Stemonuraceae,Stemonurus,secundiflorus,2016
Pulau Kumbang,PK1,PK1/1,Peat Swamp,42519,14,10,Stemonuraceae,Stemonurus,secundiflorus,2016
Pulau Kumbang,PK1,PK1/1,Peat Swamp,42519,21,15,Myrtaceae,Syzygium,havilandii,2016
Pulau Kumbang,PK1,PK1/1,Peat Swamp,42519,23,15,Ebenaceae,Diospyros,maingayi,2016
Pulau Kumbang,PK1,PK1/1,Peat Swamp,42519,14,10,Polygalaceae,Xanthophyllum,ellipticum,2016
Pulau Kumbang,PK1,PK1/2,Peat Swamp,42519,18,15,Tetrameristaceae,Tetramerista,glabra,2016
Pulau Kumbang,PK1,PK1/2,Peat Swamp,42519,27,25,Phyllanthaceae,Baccaurea,bracteata,2016
Pulau Kumbang,PK1,PK1/2,Peat Swamp,42519,32,20,Sapotaceae,Palaquium,dasyphyllum,2016
Pulau Kumbang,PK1,PK1/2,Peat Swamp,42519,14,10,Sapindaceae,Nephelium,maingayi,2016
Pulau Kumbang,PK1,PK1/2,Peat Swamp,42519,12,15,Sapindaceae,Nephelium,maingayi,2016
Pulau Kumbang,PK1,PK1/2,Peat Swamp,42519,12,10,Polygalaceae,Xanthophyllum,ellipticum,2016
Pulau Kumbang,PK1,PK1/2,Peat Swamp,42519,10,5,Aquifoliaceae,Ilex,cymosa,2016
Pulau Kumbang,PK1,PK1/2,Peat Swamp,42519,16,10,Moraceae,Ficus,,2016
Pulau Kumbang,PK1,PK1/2,Peat Swamp,42519,10,10,Anacardiaceaae,Campnosperma,coriaceum,2016
Pulau Kumbang,PK1,PK1/2,Peat Swamp,42519,14,15,Polygalaceae,Xanthophyllum,ellipticum,2016
Pulau Kumbang,PK1,PK1/2,Peat Swamp,42519,14,10,Sapindaceae,Nephelium,maingayi,2016
Pulau Kumbang,PK1,PK1/3,Peat Swamp,42519,16,10,Stemonuraceae,Stemonurus,secundiflorus,2016
Pulau Kumbang,PK1,PK1/3,Peat Swamp,42519,14,10,Fagaceae,Lithocarpus,leptogyne,2016
Pulau Kumbang,PK1,PK1/3,Peat Swamp,42519,12,15,Fagaceae,Lithocarpus,leptogyne,2016
Pulau Kumbang,PK1,PK1/3,Peat Swamp,42519,17,15,Clusiaceae,Garcinia,parvifolia,2016
Pulau Kumbang,PK1,PK1/3,Peat Swamp,42519,15,10,Clusiaceae,Garcinia,parvifolia,2016
Pulau Kumbang,PK1,PK1/3,Peat Swamp,42519,46,25,Apocynaceae,Dyera,lowii,2016
Pulau Kumbang,PK1,PK1/3,Peat Swamp,42519,25,20,Dipterocarpaceae,Shorea,leprosula,2016
Pulau Kumbang,PK1,PK1/3,Peat Swamp,42519,30,25,Polygalaceae,Xanthophyllum,amoenum,2016
Pulau Kumbang,PK1,PK1/3,Peat Swamp,42519,10,15,Polygalaceae,Xanthophyllum,amoenum,2016
Pulau Kumbang,PK1,PK1/3,Peat Swamp,42519,16,15,Stemonuraceae,Stemonurus,secundiflorus,2016
Pulau Kumbang,PK1,PK1/3,Peat Swamp,42519,27,25,Thymeleaceae,Gonystylus,bancanus,2016
Pulau Kumbang,PK1,PK1/3,Peat Swamp,42519,17,15,Dipterocarpaceae,Shorea,ovalis,2016
Pulau Kumbang,PK1,PK1/3,Peat Swamp,42519,14,15,Dipterocarpaceae,Shorea,ovalis,2016
Pulau Kumbang,PK1,PK1/3,Peat Swamp,42519,12,10,Stemonuraceae,Stemonurus,secundiflorus,2016
Pulau Kumbang,PK1,PK1/3,Peat Swamp,42519,21,20,Tetrameristaceae,Tetramerista,glabra,2016
Pulau Kumbang,PK1,PK1/4,Peat Swamp,42519,18,20,Lauraceae,Litsea,lancifolia,2016
Pulau Kumbang,PK1,PK1/4,Peat Swamp,42519,19,15,Polygalaceae,Xanthophyllum,amoenum,2016
Pulau Kumbang,PK1,PK1/4,Peat Swamp,42519,21,15,Fagaceae,Lithocarpus,leptogyne,2016
Pulau Kumbang,PK1,PK1/4,Peat Swamp,42519,12,10,Ebenaceae,Diospyros,maingayi,2016
Pulau Kumbang,PK1,PK1/4,Peat Swamp,42519,14,15,Lauraceae,Litsea,lancifolia,2016
Pulau Kumbang,PK1,PK1/4,Peat Swamp,42519,18,20,Sapotaceae,Palaquium,rostratum,2016
Pulau Kumbang,PK1,PK1/4,Peat Swamp,42519,12,10,Clusiaceae,Garcinia,parvifolia,2016
Pulau Kumbang,PK1,PK1/4,Peat Swamp,42519,14,15,Lauraceae,Litsea,lancifolia,2016
Pulau Kumbang,PK1,PK1/4,Peat Swamp,42519,10,5,Lauraceae,Litsea,lancifolia,2016
Pulau Kumbang,PK1,PK1/4,Peat Swamp,42519,14,10,Dipterocarpaceae,Shorea,ovalis,2016
Pulau Kumbang,PK1,PK1/4,Peat Swamp,42519,16,10,Elaeocarpaceae,Elaeocarpus,stipularis,2016
Pulau Kumbang,PK1,PK1/4,Peat Swamp,42519,17,15,Fagaceae,Lithocarpus,leptogyne,2016
Pulau Kumbang,PK1,PK1/5,Peat Swamp,42519,37,25,Myrtaceae,Syzygium,chloranthum,2016
Pulau Kumbang,PK1,PK1/5,Peat Swamp,42519,27,20,Lauraceae,Litsea,lancifolia,2016
Pulau Kumbang,PK1,PK1/5,Peat Swamp,42519,15,10,Fagaceae,Lithocarpus,leptogyne,2016
Pulau Kumbang,PK1,PK1/5,Peat Swamp,42519,12,10,Fagaceae,Lithocarpus,leptogyne,2016
Pulau Kumbang,PK1,PK1/5,Peat Swamp,42519,23,25,Anacardiaceaae,Campnosperma,coriaceum,2016
Pulau Kumbang,PK1,PK1/5,Peat Swamp,42519,16,10,Lauraceae,Litsea,lancifolia,2016
Pulau Kumbang,PK1,PK1/5,Peat Swamp,42519,12,10,Lauraceae,Litsea,lancifolia,2016
Pulau Kumbang,PK1,PK1/5,Peat Swamp,42519,14,10,Lauraceae,Litsea,lancifolia,2016
Pulau Kumbang,PK1,PK1/5,Peat Swamp,42519,13,15,Fagaceae,Lithocarpus,leptogyne,2016
Pulau Kumbang,PK1,PK1/5,Peat Swamp,42519,12,10,Fagaceae,Lithocarpus,leptogyne,2016
Pulau Kumbang,PK1,PK1/5,Peat Swamp,42519,18,15,Fagaceae,Lithocarpus,leptogyne,2016
Pulau Kumbang,PK1,PK1/5,Peat Swamp,42519,12,10,Fagaceae,Lithocarpus,leptogyne,2016
Pulau Kumbang,PK1,PK1/5,Peat Swamp,42519,10,10,Fagaceae,Lithocarpus,leptogyne,2016
Pulau Kumbang,PK1,PK1/7,Peat Swamp,42519,14,10,Fagaceae,Lithocarpus,leptogyne,2016
Pulau Kumbang,PK1,PK1/7,Peat Swamp,42519,17,10,Lauraceae,Litsea,lancifolia,2016
Pulau Kumbang,PK1,PK1/7,Peat Swamp,42519,14,10,Fagaceae,Lithocarpus,leptogyne,2016
Pulau Kumbang,PK1,PK1/7,Peat Swamp,42519,12,10,Fagaceae,Lithocarpus,leptogyne,2016
Pulau Kumbang,PK1,PK1/7,Peat Swamp,42519,16,5,Fagaceae,Lithocarpus,leptogyne,2016
Pulau Kumbang,PK1,PK1/7,Peat Swamp,42519,14,5,Fagaceae,Lithocarpus,leptogyne,2016
Pulau Kumbang,PK1,PK1/7,Peat Swamp,42519,14,10,Polygalaceae,Xanthophyllum,amoenum,2016
Pulau Kumbang,PK1,PK1/7,Peat Swamp,42519,12,10,Fagaceae,Lithocarpus,leptogyne,2016
Pulau Kumbang,PK1,PK1/7,Peat Swamp,42519,18,10,Fagaceae,Lithocarpus,leptogyne,2016
Pulau Kumbang,PK1,PK1/7,Peat Swamp,42519,16,10,Fagaceae,Lithocarpus,leptogyne,2016
Pulau Kumbang,PK1,PK1/7,Peat Swamp,42519,10,10,Ebenaceae,Diospyros,maingayi,2016
Pulau Kumbang,PK1,PK1/7,Peat Swamp,42519,27,20,Polygalaceae,Xanthophyllum,amoenum,2016
Pulau Kumbang,PK1,PK1/7,Peat Swamp,42519,12,10,Lauraceae,Litsea,lancifolia,2016
Pulau Kumbang,PK1,PK1/7,Peat Swamp,42519,14,10,Lauraceae,Litsea,lancifolia,2016
Pulau Kumbang,PK1,PK1/7,Peat Swamp,42519,18,15,Sapotaceae,Palaquium,rostratum,2016
Pulau Kumbang,PK1,PK1/8,Peat Swamp,42519,14,10,Lauraceae,Litsea,lancifolia,2016
Pulau Kumbang,PK1,PK1/8,Peat Swamp,42519,11,10,Fagaceae,Lithocarpus,leptogyne,2016
Pulau Kumbang,PK1,PK1/8,Peat Swamp,42519,18,15,Polygalaceae,Xanthophyllum,amoenum,2016
Pulau Kumbang,PK1,PK1/8,Peat Swamp,42519,21,15,Tetrameristaceae,Tetramerista,glabra,2016
Pulau Kumbang,PK1,PK1/8,Peat Swamp,42519,14,10,Fagaceae,Lithocarpus,leptogyne,2016
Pulau Kumbang,PK1,PK1/8,Peat Swamp,42519,26,20,Polygalaceae,Xanthophyllum,amoenum,2016
Pulau Kumbang,PK1,PK1/8,Peat Swamp,42519,14,10,Sapotaceae,Palaquium,rostratum,2016
Pulau Kumbang,PK1,PK1/8,Peat Swamp,42519,10,10,Myrtaceae,Syzygium,havilandii,2016
Pulau Kumbang,PK1,PK1/8,Peat Swamp,42519,11,10,Calophyllaceae,Calophyllum,pisiferum,2016
Pulau Kumbang,PK1,PK1/9,Peat Swamp,42519,12,5,Lauraceae,Litsea,lancifolia,2016
Pulau Kumbang,PK1,PK1/9,Peat Swamp,42519,14,10,Fagaceae,Lithocarpus,leptogyne,2016
Pulau Kumbang,PK1,PK1/9,Peat Swamp,42519,16,10,Polygalaceae,Xanthophyllum,amoenum,2016
Pulau Kumbang,PK1,PK1/9,Peat Swamp,42519,12,10,Fagaceae,Lithocarpus,leptogyne,2016
Pulau Kumbang,PK1,PK1/9,Peat Swamp,42519,10,10,Fagaceae,Lithocarpus,leptogyne,2016
Pulau Kumbang,PK1,PK1/9,Peat Swamp,42519,20,10,Lauraceae,Litsea,lancifolia,2016
Pulau Kumbang,PK1,PK1/9,Peat Swamp,42519,23,15,Lauraceae,Litsea,lancifolia,2016
Pulau Kumbang,PK1,PK1/9,Peat Swamp,42519,12,10,Anacardiaceaae,Campnosperma,coriaceum,2016
Pulau Kumbang,PK1,PK1/9,Peat Swamp,42519,16,10,Lauraceae,Litsea,lancifolia,2016
Pulau Kumbang,PK1,PK1/10,Peat Swamp,42519,18,10,Sapotaceae,Palaquium,rostratum,2016
Pulau Kumbang,PK1,PK1/10,Peat Swamp,42519,12,10,Phyllanthaceae,Aporosa,lucida,2016
Pulau Kumbang,PK1,PK1/10,Peat Swamp,42519,24,15,Lauraceae,Litsea,lancifolia,2016
Pulau Kumbang,PK1,PK1/10,Peat Swamp,42519,28,20,Lauraceae,Litsea,lancifolia,2016
Pulau Kumbang,PK1,PK1/10,Peat Swamp,42519,16,10,Sapotaceae,Palaquium,rostratum,2016
Pulau Kumbang,PK1,PK1/10,Peat Swamp,42519,17,15,Stemonuraceae,Stemonurus,secundiflorus,2016
Pulau Kumbang,PK1,PK1/10,Peat Swamp,42519,8,,Apocynaceae,Willughbeia,,2016
Pulau Kumbang,PK1,PK1/10,Peat Swamp,42519,20,15,Lauraceae,Litsea,lancifolia,2016
Pulau Kumbang,PK1,PK1/10,Peat Swamp,42519,18,20,Stemonuraceae,Stemonurus,secundiflorus,2016
Pulau Kumbang,PK1,PK1/10,Peat Swamp,42519,14,15,Ebenaceae,Diospyros,maingayi,2016
Pulau Kumbang,PK1,PK1/10,Peat Swamp,42519,36,25,Stemonuraceae,Stemonurus,secundiflorus,2016
Pulau Kumbang,PK1,PK1/10,Peat Swamp,42519,19,20,Ebenaceae,Diospyros,maingayi,2016
Pulau Kumbang,PK1,PK1/10,Peat Swamp,42519,12,15,Celastraceae,Lophopetalum,beccarianum,2016
Pulau Kumbang,PK1,PK1/10,Peat Swamp,42519,16,15,Myrtaceae,Syzygium,chloranthum,2016
Pulau Kumbang,PK1,PK1/10,Peat Swamp,42519,15,15,Polygalaceae,Xanthophyllum,amoenum,2016
Pulau Kumbang,PK1,PK1/10,Peat Swamp,42519,14,10,Myrtaceae,Syzygium,zeylanicum,2016
Pulau Kumbang,PK1,PK1/10,Peat Swamp,42519,17,15,Stemonuraceae,Stemonurus,secundiflorus,2016
Pulau Kumbang,PK1,PK1/10,Peat Swamp,42519,19,15,Stemonuraceae,Stemonurus,secundiflorus,2016
Pulau Kumbang,PK1,PK1/10,Peat Swamp,42519,12,10,Lauraceae,Litsea,lancifolia,2016
Nipah Kuning,NK3,NK3/1,Peat Swamp,42521,16,10,Sapindaceae,Nephelium,maingayi,2016
Nipah Kuning,NK3,NK3/1,Peat Swamp,42521,12,15,Fabaceae,Koompassia,malaccensis,2016
Nipah Kuning,NK3,NK3/1,Peat Swamp,42521,29,25,Sapotaceae,Palaquium,rostratum,2016
Nipah Kuning,NK3,NK3/2,Peat Swamp,42521,14,15,Fagaceae,Lithocarpus,conocarpus,2016
Nipah Kuning,NK3,NK3/2,Peat Swamp,42521,12,10,Euphorbiaceae,Pimelodendron,griffithianum,2016
Nipah Kuning,NK3,NK3/2,Peat Swamp,42521,14,15,Anacardiaceaae,Gluta,wallichii,2016
Nipah Kuning,NK3,NK3/2,Peat Swamp,42521,35,25,Meliaceae,Aglaia,rubiginosa,2016
Nipah Kuning,NK3,NK3/2,Peat Swamp,42521,12,10,Annonaceae,Xylopia,fusca,2016
Nipah Kuning,NK3,NK3/2,Peat Swamp,42521,18,15,Meliaceae,Aglaia,rubiginosa,2016
Nipah Kuning,NK3,NK3/2,Peat Swamp,42521,29,20,Euphorbiaceae,Macaranga,depressa,2016
Nipah Kuning,NK3,NK3/2,Peat Swamp,42521,17,15,Fagaceae,Castanopsis,costata,2016
Nipah Kuning,NK3,NK3/2,Peat Swamp,42521,12,,Rubiaceae,Uncaria,,2016
Nipah Kuning,NK3,NK3/2,Peat Swamp,42521,10,,Rubiaceae,Uncaria,,2016
Nipah Kuning,NK3,NK3/2,Peat Swamp,42521,16,10,Burseraceae,Santiria,oblongifolia,2016
Nipah Kuning,NK3,NK3/2,Peat Swamp,42521,12,10,Phyllanthaceae,Baccaurea,bracteata,2016
Nipah Kuning,NK3,NK3/2,Peat Swamp,42521,27,20,Euphorbiaceae,Blumeodendron,tokbrai,2016
Nipah Kuning,NK3,NK3/2,Peat Swamp,42521,14,10,Lauraceae,Cryptocarya,strictifolia,2016
Nipah Kuning,NK3,NK3/3,Peat Swamp,42521,34,20,Lauraceae,Nothaphoeboe,coreacea,2016
Nipah Kuning,NK3,NK3/3,Peat Swamp,42521,12,12,Euphorbiaceae,Blumeodendron,tokbrai,2016
Nipah Kuning,NK3,NK3/3,Peat Swamp,42521,15,10,Fagaceae,Lithocarpus,conocarpus,2016
Nipah Kuning,NK3,NK3/3,Peat Swamp,42521,14,10,Lauraceae,Litsea,lancifolia,2016
Nipah Kuning,NK3,NK3/3,Peat Swamp,42521,21,15,Lauraceae,Nothaphoeboe,coreacea,2016
Nipah Kuning,NK3,NK3/3,Peat Swamp,42521,12,10,Lauraceae,Litsea,grandis,2016
Nipah Kuning,NK3,NK3/3,Peat Swamp,42521,22,20,Lauraceae,Cryptocarya,griffithiana,2016
Nipah Kuning,NK3,NK3/3,Peat Swamp,42521,11,10,Lauraceae,Litsea,lancifolia,2016
Nipah Kuning,NK3,NK3/3,Peat Swamp,42521,14,10,Myrtaceae,Syzygium,chloranthum,2016
Nipah Kuning,NK3,NK3/3,Peat Swamp,42521,24,20,Fabaceae,Koompassia,malaccensis,2016
Nipah Kuning,NK3,NK3/3,Peat Swamp,42521,14,,Rubiaceae,Uncaria,,2016
Nipah Kuning,NK3,NK3/3,Peat Swamp,42521,15,10,Euphorbiaceae,Macaranga,depressa,2016
Nipah Kuning,NK3,NK3/4,Peat Swamp,42521,24,20,Lauraceae,Cryptocarya,strictifolia,2016
Nipah Kuning,NK3,NK3/4,Peat Swamp,42521,36,25,Euphorbiaceae,Macaranga,depressa,2016
Nipah Kuning,NK3,NK3/4,Peat Swamp,42521,21,20,Sapotaceae,Palaquium,rostratum,2016
Nipah Kuning,NK3,NK3/4,Peat Swamp,42521,15,10,Fabaceae,Koompassia,malaccensis,2016
Nipah Kuning,NK3,NK3/4,Peat Swamp,42521,12,10,Euphorbiaceae,Blumeodendron,tokbrai,2016
Nipah Kuning,NK3,NK3/4,Peat Swamp,42521,10,15,Lauraceae,Nothaphoeboe,coreacea,2016
Nipah Kuning,NK3,NK3/4,Peat Swamp,42521,18,20,Sapindaceae,Nephelium,maingayi,2016
Nipah Kuning,NK3,NK3/4,Peat Swamp,42521,15,15,Sapindaceae,Nephelium,maingayi,2016
Nipah Kuning,NK3,NK3/4,Peat Swamp,42521,24,20,Annonaceae,Xylopia,fusca,2016
Nipah Kuning,NK3,NK3/4,Peat Swamp,42521,18,15,Fagaceae,Lithocarpus,leptogyne,2016
Nipah Kuning,NK3,NK3/4,Peat Swamp,42521,26,20,Lauraceae,Litsea,lancifolia,2016
Nipah Kuning,NK3,NK3/4,Peat Swamp,42521,30,25,Annonaceae,Mezzettia,parvifolia,2016
Nipah Kuning,NK3,NK3/4,Peat Swamp,42521,27,20,Euphorbiaceae,Macaranga,depressa,2016
Nipah Kuning,NK3,NK3/4,Peat Swamp,42521,18,10,Meliaceae,Aglaia,rubiginosa,2016
Nipah Kuning,NK3,NK3/4,Peat Swamp,42521,17,15,Sapindaceae,Nephelium,maingayi,2016
Nipah Kuning,NK3,NK3/5,Peat Swamp,42521,17,10,Fabaceae,Achidendron,borneense,2016
Nipah Kuning,NK3,NK3/5,Peat Swamp,42521,16,15,Fabaceae,Achidendron,borneense,2016
Nipah Kuning,NK3,NK3/5,Peat Swamp,42521,14,10,Meliaceae,Sandoricum,borneense,2016
Nipah Kuning,NK3,NK3/5,Peat Swamp,42521,21,10,Euphorbiaceae,Macaranga,depressa,2016
Nipah Kuning,NK3,NK3/5,Peat Swamp,42521,17,15,Meliaceae,Aglaia,rubiginosa,2016
Nipah Kuning,NK3,NK3/5,Peat Swamp,42521,12,10,Sapotaceae,Madhuca,motleyana,2016
Nipah Kuning,NK3,NK3/6,Peat Swamp,42521,21,20,Sapotaceae,Madhuca,motleyana,2016
Nipah Kuning,NK3,NK3/6,Peat Swamp,42521,32,25,Fagaceae,Lithocarpus,conocarpus,2016
Nipah Kuning,NK3,NK3/6,Peat Swamp,42521,24,20,Euphorbiaceae,Macaranga,depressa,2016
Nipah Kuning,NK3,NK3/6,Peat Swamp,42521,21,15,Euphorbiaceae,Endospermum,diadenum,2016
Nipah Kuning,NK3,NK3/6,Peat Swamp,42521,18,15,Moraceae,Ficus,,2016
Nipah Kuning,NK3,NK3/6,Peat Swamp,42521,14,15,Theaceae,Ternstromia,,2016
Nipah Kuning,NK3,NK3/6,Peat Swamp,42521,16,10,Sapotaceae,Palaquium,rostratum,2016
Nipah Kuning,NK3,NK3/6,Peat Swamp,42521,18,15,Annonaceae,Xylopia,fusca,2016
Nipah Kuning,NK3,NK3/6,Peat Swamp,42521,23,20,Fabaceae,Koompassia,malaccensis,2016
Nipah Kuning,NK3,NK3/6,Peat Swamp,42521,28,25,Moraceae,Ficus,crassiramea,2016
Nipah Kuning,NK3,NK3/6,Peat Swamp,42521,24,20,Lauraceae,Litsea,lancifolia,2016
Nipah Kuning,NK3,NK3/6,Peat Swamp,42521,24,20,Tiliaceae,Pentace,triptera,2016
Nipah Kuning,NK3,NK3/7,Peat Swamp,42521,38,20,Euphorbiaceae,Macaranga,depressa,2016
Nipah Kuning,NK3,NK3/7,Peat Swamp,42521,14,20,Annonaceae,Xylopia,fusca,2016
Nipah Kuning,NK3,NK3/7,Peat Swamp,42521,28,20,Euphorbiaceae,Macaranga,depressa,2016
Nipah Kuning,NK3,NK3/7,Peat Swamp,42521,17,15,Euphorbiaceae,Blumeodendron,tokbrai,2016
Nipah Kuning,NK3,NK3/7,Peat Swamp,42521,39,25,Euphorbiaceae,Macaranga,depressa,2016
Nipah Kuning,NK3,NK3/7,Peat Swamp,42521,12,10,Euphorbiaceae,Neoscortechinia,kingii,2016
Nipah Kuning,NK3,NK3/7,Peat Swamp,42521,15,10,Burseraceae,Dacryodes,rugosa,2016
Nipah Kuning,NK3,NK3/7,Peat Swamp,42521,22,20,Euphorbiaceae,Macaranga,depressa,2016
Nipah Kuning,NK3,NK3/7,Peat Swamp,42521,21,15,Euphorbiaceae,Macaranga,depressa,2016
Nipah Kuning,NK3,NK3/7,Peat Swamp,42521,16,20,Fagaceae,Lithocarpus,conocarpus,2016
Nipah Kuning,NK3,NK3/7,Peat Swamp,42521,10,15,Lauraceae,Litsea,lancifolia,2016
Nipah Kuning,NK3,NK3/7,Peat Swamp,42521,40,20,Euphorbiaceae,Macaranga,depressa,2016
Nipah Kuning,NK3,NK3/7,Peat Swamp,42521,26,20,Euphorbiaceae,Macaranga,depressa,2016
Nipah Kuning,NK3,NK3/7,Peat Swamp,42521,24,20,Euphorbiaceae,Macaranga,depressa,2016
Nipah Kuning,NK3,NK3/7,Peat Swamp,42521,12,10,Annonaceae,Xylopia,fusca,2016
Nipah Kuning,NK3,NK3/7,Peat Swamp,42521,11,10,Annonaceae,Xylopia,fusca,2016
Nipah Kuning,NK3,NK3/7,Peat Swamp,42521,28,20,Annonaceae,Xylopia,fusca,2016
Nipah Kuning,NK3,NK3/8,Peat Swamp,42521,16,20,Ebenaceae,Diospyros,siamang,2016
Nipah Kuning,NK3,NK3/8,Peat Swamp,42521,20,25,Euphorbiaceae,Blumeodendron,tokbrai,2016
Nipah Kuning,NK3,NK3/8,Peat Swamp,42521,24,20,Euphorbiaceae,Macaranga,depressa,2016
Nipah Kuning,NK3,NK3/8,Peat Swamp,42521,31,20,Euphorbiaceae,Macaranga,depressa,2016
Nipah Kuning,NK3,NK3/8,Peat Swamp,42521,10,20,Euphorbiaceae,Macaranga,depressa,2016
Nipah Kuning,NK3,NK3/8,Peat Swamp,42521,27,25,Euphorbiaceae,Macaranga,depressa,2016
Nipah Kuning,NK3,NK3/8,Peat Swamp,42521,18,10,Euphorbiaceae,Macaranga,depressa,2016
Nipah Kuning,NK3,NK3/8,Peat Swamp,42521,21,15,Euphorbiaceae,Macaranga,depressa,2016
Nipah Kuning,NK3,NK3/8,Peat Swamp,42521,27,20,Euphorbiaceae,Macaranga,depressa,2016
Nipah Kuning,NK3,NK3/8,Peat Swamp,42521,12,10,Anacardiaceaae,Bouea,oppositifolia,2016
Nipah Kuning,NK3,NK3/8,Peat Swamp,42521,16,10,Lauraceae,Litsea,lancifolia,2016
Nipah Kuning,NK3,NK3/8,Peat Swamp,42521,23,20,Annonaceae,Xylopia,fusca,2016
Nipah Kuning,NK3,NK3/9,Peat Swamp,42521,10,18,Euphorbiaceae,Neoscortechinia,kingii,2016
Nipah Kuning,NK3,NK3/9,Peat Swamp,42521,24,20,Euphorbiaceae,Macaranga,depressa,2016
Nipah Kuning,NK3,NK3/9,Peat Swamp,42521,26,25,Euphorbiaceae,Macaranga,depressa,2016
Nipah Kuning,NK3,NK3/9,Peat Swamp,42521,14,10,Anacardiaceaae,Bouea,oppositifolia,2016
Nipah Kuning,NK3,NK3/9,Peat Swamp,42521,36,20,Euphorbiaceae,Macaranga,depressa,2016
Nipah Kuning,NK3,NK3/9,Peat Swamp,42521,24,20,Sapotaceae,Palaquium,cochleariifolium,2016
Nipah Kuning,NK3,NK3/9,Peat Swamp,42521,18,25,Myrtaceae,Syzygium,chloranthum,2016
Nipah Kuning,NK3,NK3/9,Peat Swamp,42521,26,20,Sapotaceae,Madhuca,motleyana,2016
Nipah Kuning,NK3,NK3/9,Peat Swamp,42521,18,15,Sapotaceae,Madhuca,motleyana,2016
Nipah Kuning,NK3,NK3/9,Peat Swamp,42521,14,20,Myrtaceae,Syzygium,havilandii,2016
Nipah Kuning,NK3,NK3/9,Peat Swamp,42521,28,25,Euphorbiaceae,Macaranga,depressa,2016
Nipah Kuning,NK3,NK3/9,Peat Swamp,42521,20,15,Fagaceae,Lithocarpus,conocarpus,2016
Nipah Kuning,NK3,NK3/9,Peat Swamp,42521,11,10,Euphorbiaceae,Blumeodendron,tokbrai,2016
Nipah Kuning,NK3,NK3/10,Peat Swamp,42521,16,10,Euphorbiaceae,Macaranga,depressa,2016
Nipah Kuning,NK3,NK3/10,Peat Swamp,42521,23,20,Euphorbiaceae,Macaranga,depressa,2016
Nipah Kuning,NK3,NK3/10,Peat Swamp,42521,21,25,Sapotaceae,Palaquium,dasyphyllum,2016
Nipah Kuning,NK3,NK3/10,Peat Swamp,42521,20,20,Meliaceae,Aglaia,rubiginosa,2016
Nipah Kuning,NK3,NK3/10,Peat Swamp,42521,18,15,Meliaceae,Sandoricum,borneense,2016
Nipah Kuning,NK3,NK3/10,Peat Swamp,42521,15,20,Myrtaceae,Syzygium,havilandii,2016
Nipah Kuning,NK3,NK3/10,Peat Swamp,42521,18,20,Euphorbiaceae,Macaranga,depressa,2016
Nipah Kuning,NK3,NK3/10,Peat Swamp,42521,17,15,Euphorbiaceae,Macaranga,depressa,2016
Nipah Kuning,NK3,NK3/10,Peat Swamp,42521,10,15,Sapotaceae,Madhuca,motleyana,2016
Nipah Kuning,NK3,NK3/10,Peat Swamp,42521,20,15,Sapotaceae,Madhuca,motleyana,2016
Nipah Kuning,NK3,NK3/10,Peat Swamp,42521,17,20,Meliaceae,Sandoricum,borneense,2016
Nipah Kuning,NK3,NK3/10,Peat Swamp,42521,18,15,Lauraceae,Cryptocarya,densiflora,2016
Nipah Kuning,NK3,NK3/10,Peat Swamp,42521,22,20,Euphorbiaceae,Blumeodendron,tokbrai,2016
